file	line_no	token	occurrence_count	context
1_veda/2_bra/gopbra_u.txt	7387	v	1	yad v eva maitrāvaruṇāni śaṃsati prati vāṃ sūra udite vidhema namobhir mitrāvaruṇota havyaiḥ uta vām uṣaso budhi sākaṃ sūryasya raśmibhiḥ ity ṛcābhyanūktam
1_veda/2_bra/gopbra_u.txt	7423	v	1	yad v evaindrāṇi sūryanyaṅgāni śaṃsati indra piba pratikāmaṃ sutasya prātaḥsāvas tava hi pūrvapītiḥ ity ṛcābhyanūktam
1_veda/2_bra/gopbra_u.txt	7455	v	1	yad v evaindrāgnāni śaṃsati prātaryāvabhir ā gataṃ devebhir jenyāvasū indrāgnī somapītaye ity ṛcābhyanūktam
1_veda/2_bra/gopbra_u.txt	7809	v	1	yad v eva niṣkevalyāny ekaṃ ha vā agre savanam āsīt prātaḥsavanam eva
1_veda/2_bra/gopbra_u.txt	7817	v	1	yad v eva niṣkevalyāni yā ha vai devatāḥ prātaḥsavane hotā śaṃsati tāḥ śastvā hotrāśaṃsino 'nuśaṃsanti maitrāvaruṇaṃ tṛcaṃ prauge hotā śaṃsati
1_veda/2_bra/gopbra_u.txt	7837	v	1	yad v eva niṣkevalyāni yaded adevīr asahiṣṭa māyā athābhavat kevalaḥ somo asya ity ṛcābhyanūktam
1_veda/2_bra/gopbra_u.txt	9391	v	1	yad v eva kadvantaḥ
1_veda/2_bra/gopbra_u.txt	9397	v	1	yad v eva kadvantaḥ
1_veda/2_bra/gopbra_u.txt	9403	v	1	yad v eva kadvantaḥ
1_veda/2_bra/gopbra_u.txt	9443	v	1	yad v evaināḥ śaṃsantīndramevaitābhir nirhvayante yatharṣabhaṃ vāśitāyai ||
1_veda/2_bra/gopbra_u.txt	9703	v	1	yad v eva śilpāny ātmasaṃskṛtir vai śilpāni
1_veda/2_bra/gopbra_u.txt	9779	v	1	yad v evātimarśam ātmā vai bṛhatī
1_veda/2_bra/gopbra_u.txt	9797	v	1	yad v evātimarśam ātmā vai bṛhatī
1_veda/2_bra/gopbra_u.txt	9815	v	1	yad v evātimarśam ātmā vai bṛhatī
1_veda/2_bra/gopbra_u.txt	10193	v	1	yad v evaitaśapralāpo 'yātayāmā vā akṣitir aitaśapralāpaḥ
1_veda/2_bra/gopbra_u.txt	10473	v	1	yad v evaināḥ saṃśaṃsati yan nābhānediṣṭho vālakhilyo vṛṣākapir evayāmarud etāni vā atrokthāni bhavanti tasmān na saṃśaṃsati
1_veda/2_bra/kausibru.txt	4357	c	1	śuklam vā ca lohitam c agnīṣomayo rūpeṇa iti |
1_veda/2_bra/kausibru.txt	477	v	1	yad v eva vatsam spṛśati |
1_veda/2_bra/kausibru.txt	505	v	1	yad v eva punaḥ punar nirmanthate |
1_veda/2_bra/kausibru.txt	691	v	1	yad v eva etad ubhaye dyur agnihotram ahūyata |
1_veda/2_bra/kausibru.txt	827	v	1	yad v eva triḥ prathamām triru uttamām |
1_veda/2_bra/kausibru.txt	919	v	1	yad v eva vācā anvāha vācā yajati |
1_veda/2_bra/kausibru.txt	3149	v	1	yad v eva śamyvantam bhavati |
1_veda/2_bra/kausibru.txt	3355	v	1	yad v eva somam santam viṣṇur iti yajati |
1_veda/2_bra/kausibru.txt	3777	v	1	yad v eva viparyasyati grīvāṇām sthemne |
1_veda/2_bra/kausibru.txt	3999	v	1	yad v eva triḥ prathamām trir uttamām |
1_veda/2_bra/kausibru.txt	5203	v	1	yad v eva udite anyam anudite anyam juhvati |
1_veda/2_bra/kausibru.txt	5909	v	1	yad v eva vigṛhṇāti |
1_veda/2_bra/kausibru.txt	6153	v	1	yad v eva ekaviṃśatiḥ |
1_veda/2_bra/kausibru.txt	7389	v	1	yathā stutam v anuśastam bhavati iti |
1_veda/2_bra/kausibru.txt	9143	v	1	yad v eva etās tantryās triṣṭubha uktha pratipado ahar ahaḥ śasyante |
1_veda/2_bra/kausibru.txt	9147	v	1	yad v eva eṣā tantryā gāyatry ahar ahaḥ surūpa kṛtnuḥ śasyate |
1_veda/2_bra/kausibru.txt	9151	v	1	yad v eva eṣa ṣaḍ ahaḥ punaḥ punaḥ abhiplavate |
1_veda/2_bra/kausibru.txt	9967	v	1	yad v eva enā na antarayanti |
1_veda/2_bra/kausibru.txt	9977	v	1	yad v eva enān na antarayanti |
1_veda/2_bra/kausibru.txt	9991	v	1	tasmād v aikāhikībhir eva yajeyuḥ |
1_veda/2_bra/kausibru.txt	13035	v	1	tasmād v apy etarhy uṣṇīṣy eva grāvṇo abhiṣṭauti |
1_veda/2_bra/pncvbr1u.txt	785	v	1	tad v āhur yan madhyata upayanty ardham annādyasyāpnuvanty ardhaṃ sambaṭ kurvantīty upariṣṭād eva saṃvvatsarasyopetyaṃ saṃvvatsare vā annaṃ sarvaṃ pacyate
1_veda/2_bra/pncvbr1u.txt	815	v	1	tad v āhur yat samau bhavata ekavīryau tarhi bhavata iti pañcadaśasaptadaśāv eva kāryau sācīva vai vayaḥ pakṣau kṛtvāpatīyaḥ patati
1_veda/2_bra/pncvbr1u.txt	1083	v	1	tasmād v adakṣiṇīyāti hi sā yajñam aricyatātiriktasya dakṣiṇā syāt salomatvāya ṣoḍaśinaḥ stotredeyātirikto vai ṣoḍaśy atirikta evātiriktāṃ dadāti
1_veda/2_bra/pncvbr1u.txt	4383	v	1	yāvaty anuṣṭup tāvatīṃ vācaṃ sampādya vibrūyus tad v anatiriktaṃ svasyo caiva yajñasyāriṣṭyai
1_veda/2_bra/pncvbr2u.txt	785	v	1	tad v āhur yan madhyata upayanty ardham annādyasyāpnuvanty ardham sambaṭ kurvantīty upariṣṭād eva samvvatsarasyopetyam samvvatsare vā annam sarvaṃ pacyate
1_veda/2_bra/pncvbr2u.txt	815	v	1	tad v āhur yat samau bhavata ekavīryau tarhi bhavata iti pañcadaśasaptadaśāv eva kāryau sācīva vai vayaḥ pakṣau krtvāpatīyaḥ patati
1_veda/2_bra/pncvbr2u.txt	1083	v	1	tasmād v adakṣiṇīyāti hi sā yajñam aricyatātiriktasya dakṣiṇā syāt salomatvāya ṣoḍaśinaḥ stotredeyātirikto vai ṣoḍaśy atirikta evātiriktāṃ dadāti
1_veda/2_bra/pncvbr2u.txt	4383	v	1	yāvaty anuṣṭup tāvatīṃ vācaṃ sampādya vibrūyus tad v anatiriktaṃ svasyo caiva yajñasyāriṣṭyai
1_veda/2_bra/satapath/sb_01_u.txt	657	r	1	saṃgacanta āpo hyetāsāṃ r | asaḥ saṃ revatīrjagatībhiḥ pṛcyantāmiti revatya āpo jagatya
1_veda/2_bra/satapath/sb_07_u.txt	2371	t	1	sa yadi saṃvatsarabhṛtaḥ syāt | athābhijuhuyātsarvaṃ vai t adyatsaṃvatsarabhṛtaḥ
1_veda/2_bra/satapath/sb_07_u.txt	1885	v	1	svayamātṛṇā prāṇaḥ svayamātṛṇānabhinihito v ai puruṣo 'nnena ca prāṇena ca
1_veda/2_bra/satapath/sb_08_u.txt	2263	s	1	śāradau tāvṛtūviśvācī ca ghṛtācī cāpsarasāviti dikcopadiśā ceti ha s māha
1_veda/2_bra/satapath/sb_08_u.txt	1275	v	1	ojastriṇava iti | ya eva triṇava stomastaṃ tadupadadhāti tadyattamāhauja iti v | jro vā
1_veda/2_bra/satapath/sb_13_u.txt	1821	s	1	etasyāmuktāyāmutthāya s | daso'dhi prāñco yajamānamabhyāyantyagreṇa havirdhāne
1_veda/2_bra/satapath/sb_13_u.txt	2113	s	1	s | rvasyāvaruddhyai
1_veda/2_bra/satapath/sb_13_u.txt	1771	t	1	t | syai śataṃ rājanyā anucaryo bhavanti tā udgātāram
1_veda/2_bra/satapath/sb_13_u.txt	2427	t	1	no eva t | thā kuryādyadvā udīcīnapravaṇe karoti tadeva pratyucritamagham bhavati
1_veda/2_bra/satapath/sb_13_u.txt	2675	y	1	sa y | di sthāvarā āpo bhavanti sthāpayantyeṣām pāpmānamatha yadi vahanti
1_veda/2_bra/satapath/sb_14_u.txt	547	t	1	yā sṛs | t | au
1_veda/2_bra/satapath/sb_14_u.txt	633	t	1	sṛs | t | au
1_veda/2_bra/satapath/sb_14_u.txt	745	t	1	vratacaryā ya || sṛs | t | au
1_veda/2_bra/satapath/sb_14_u.txt	1047	t	1	vratacaryā yā sṛs | t | au
1_veda/4_upa/brup___u.txt	369	v	2	yad v eva samaḥ pluṣiṇā samo maśakena samo nāgena sama ebhis tribhir lokaiḥ samo 'nena sarveṇa tasmād v eva sāma |
1_veda/4_upa/brup___u.txt	4427	v	1	evaṃ v eṣā gāyatry adhyātmaṃ pratiṣṭhitā |
1_veda/4_upa/chup___u.txt	1439	m	1	paśyema tvā vayaṃ rā hu m ā jyā yo ā iti ||
1_veda/4_upa/chup___u.txt	1461	m	1	paśyema tvā vayaṃ vairā hu m ā jyā yo ā iti ||
1_veda/4_upa/chup___u.txt	2107	v	1	tam u ha paraḥ pratyuvāca kam v ara enam etat santaṃ sayugvānam iva raikvam āttha iti |
1_veda/4_upa/chup___u.txt	3511	v	1	yad v avijñātam ivābhūd ity etāsām eva devatānāṃ samāsa iti tad vidāṃ cakruḥ |
1_veda/4_upa/isup___u.txt	17	v	1	tad ejati tan naijati tad dūre tad v antike |
1_veda/5_vedang/1_srauta/asvss_u.txt	1625	d	1	viśva karman haviṣā vāvṛdhāna iti dve viśva karmā vimanā ā d vihāyāḥ kiṃsvid āsīd adhiṣṭhānam yo naḥ pitā janitā yo vidhātā yā te dhāmāni paramāṇi yavam |
1_veda/5_vedang/1_srauta/asvss_u.txt	375	t	1	āpyāyasva sametu te sam t payāṃsi samuyantu vājā iha tvaṣṭāram agriyam tan nas turīyam adhapoṣayitnu devānām patnīr uśatīr avantu na iti dve agnir hotā gṛha patiḥ sa rājā havya vāḍ agnir ajaraḥ pitā na iti patnī samyājāḥ |
1_veda/5_vedang/1_srauta/asvss_u.txt	3011	v	1	ghṛta āhavano ghṛta pṛṣṭho agnir ghṛte śrito ghṛtam v asya dhāma | ghṛta pruṣas tvā harito vahantu ghṛtam piban yajasi deva devān iti purastāt | uru viṣṇo vikramasva uru kṣayāya nas kṛdhi | ghṛtam ghṛta yone piba pra pra yajña patim tira ity upariṣṭāt | anyatarataś ced agnā viṣṇū mahi dhāma priyam vām ity upāṃśv eva |
1_veda/5_vedang/1_srauta/asvss_u.txt	3787	v	1	atha brāhmaṇācchaṃsino abhrātṛvyo anā tvam mām te amājuro yathā evā hy asi vīrayur evā hy asya sūnṛtā tam te madam gṛṇīmasi tām v abhi pra gāyata vayam u tvām apūrvya |
1_veda/5_vedang/1_srauta/sankhssu.txt	8635	s	1	s tathā ity uktvā varuṇam rājānam āmantrayām cakre | anena tvā yajā iti | tathā iti | śreyān vai brāhmaṇaḥ kṣatriyād iti |
1_veda/5_vedang/1_srauta/sankhssu.txt	6087	v	1	tam te madam tm v abhi pra gāyata iti stotriya anurūpau |
1_veda/5_vedang/1_srauta/sankhssu.txt	6097	v	1	indrāya sāma gāyata tam v abhi pra gāyata iti stotriya anurūpau |
1_veda/5_vedang/1_srauta/sankhssu.txt	10369	v	1	ud in v asya ricyata iti pañca |
1_veda/5_vedang/1_srauta/sankhssu.txt	10441	v	1	tam v abhi pra gāyata iti catvāri |
1_veda/5_vedang/1_srauta/vaitss_u.txt	1107	m	1	tam indraṃ vājayāmasi mahā | m indro ya ojasā iti stotriyānurupau | uttarau vā ||
1_veda/5_vedang/1_srauta/vaitss_u.txt	1413	m	1	citraṃ devānām ud agād anīkam tat sūryasya devatvaṃ tan mahitvam iti pṛṣṭhastotriyānurūpau | baṇ mahā | m asi sūrya śrāyanta iva sūryam iti vā | indra kratuṃ na ā bhara indra jyeṣṭhaṃ na ā bhara iti vā ||
1_veda/5_vedang/1_srauta/vaitss_u.txt	1429	m	1	chandomeṣu indrā yāhi citrabhāno tam indraṃ vājayāmasi mahā | m indro ya ojasā ity ājyastotriyāḥ ||
1_veda/5_vedang/1_srauta/vaitss_u.txt	1433	m	1	vayaṃ gha tvā sutāvantaḥ ity ādi baṇ mahā | m asi sūrya ityantāḥ pṛṣṭhastotriyānurūpau ||
1_veda/5_vedang/1_srauta/vaitss_u.txt	1435	m	1	uttarayor aṣṭarcam ā satyo yātu maghavā | m ṛjīṣī iti cāvapate ||
1_veda/5_vedang/1_srauta/vaitss_u.txt	1673	m	1	pratipraśne yasyānakṣā duhitā jātvāsa kas tāṃ vidvā | m abhi manyāte andhām | kataro meniṃ prati taṃ muñcāte ya īṃ vahāte ya īṃ vā vareyāt iti ||
1_veda/5_vedang/1_srauta/vaitss_u.txt	1773	m	1	tṛtīyeṣu mahā | m indro ya ojasā abhi pra vaḥ surādhasam evā hy asi vīrayuḥ iti ||
1_veda/5_vedang/1_srauta/vaitss_u.txt	1779	m	1	caturtheṣu mahā | m indro ya ojasā ya eka id vidayate iti ||
1_veda/5_vedang/1_srauta/vaitss_u.txt	1813	m	1	aṣṭame mahā | m indro ya ojasā iti ||
1_veda/5_vedang/2_grhya/kaussu_u.txt	171	m	1	ṛtaṃ tvā satyena pariṣiñcāmi jātavedaḥ iti saha havirbhiḥ paryukṣya jīvābhir ācamya utthāya vedaprapadbhiḥ prapadyate o | m prapadye bhūḥ prapadye bhuvaḥ prapadye svaḥ prapadye janat prapadye iti
1_veda/5_vedang/2_grhya/kaussu_u.txt	205	m	1	dakṣiṇapūrvārdhe somāya tvaṃ soma divyo nṛcakṣāḥ sugā | m asmabhyaṃ patho anu khyaḥ | abhi no gotraṃ viduṣa iva neṣo 'chā no vācam uśatīṃ jigāsi || somāya svāhā iti
1_veda/5_vedang/2_grhya/kaussu_u.txt	4071	m	1	atha prāśnāti | bhadrān naḥ śreyaḥ sam anaiṣṭa devās tvayāvasena sam aśīmahi tvā | sa naḥ pito madhumā | m ā viveśa śivas tokāya tanvo na ehi iti
1_veda/5_vedang/2_grhya/kaussu_u.txt	4987	m	2	mano nv ā hvāmahe nārāśaṃsena stomena | pitṝṇāṃ ca manmabhiḥ || ā na etu manaḥ punaḥ kratve dakṣāya jīvase | jyok ca sūryaṃ dṛśe || punar naḥ pitaro mano dadātu daivyo janaḥ | jīvaṃ vrātaṃ sacemahi || vayaṃ soma vrate tava manas tanūṣu bibhrataḥ prajāvantaḥ sacemahi || ye sajātāḥ sumanaso jīvā jīveṣu māmakāḥ | teṣā | m śrīr mayi kalpatām asmin goṣṭhe śata | m samāḥ etc | iti
1_veda/5_vedang/2_grhya/kaussu_u.txt	5077	m	1	madhu vātā ṛtāyate madhu kṣaranti sindhavaḥ | mādhvīr gāvo bhavantu naḥ || madhu naktam utoṣaso madhumat pārthivaṃ rajaḥ | mādhvīr naḥ santv oṣadhīḥ || madhumān no vanaspatir madhumā | m astu sūryaḥ | madhu dyaur astu naḥ pitā ||
1_veda/5_vedang/2_grhya/kaussu_u.txt	5339	m	1	apeta etu nirṛtir nehāsyā api kiṃ cana | apāsyāḥ satvanaḥ pāśān mṛtyūn ekaśataṃ nude || ye te pāśā ekaśataṃ mṛtyo martyāya hantave | tāṃs te yajñasya māyayā sarvā | m apa yajāmasi || nir ito yantu nairṛtyā mṛtyava ekaśataṃ paraḥ sedhāmaiṣāṃ yat tamaḥ prāṇaṃ jyotiś ca dadhmahe || ye te śataṃ varuṇa ye sahasraṃ yajñiyāḥ pāśā vitatā mahāntaḥ | tebhyo asmān varuṇaḥ soma indro viśve muñcantu marutaḥ svarkāḥ || brahma bhrājad udagād antarikṣaṃ divaṃ ca brahmāvādhūṣṭāmṛtena mṛtyum | brahmopadraṣṭā sukṛtasya sākṣād brahmāsmad apa hantu śamalaṃ tamaś ca ||
1_veda/5_vedang/2_grhya/sankhgsu.txt	1447	r	1	mayobhū r vāta || iti sūktena goṣṭhe gatāḥ |
1_veda/5_vedang/2_grhya/vargs_u.txt	625	n	1	āghārāv āghāryājyabhāgau hutvā caturhot n svakarmaṇo juhuyāt |
1_veda/5_vedang/2_paris/avpari_u.txt	7499	c	1	atha vā nānāvarṇe bahurūpe śṛṅgiṇi cāditye kīlavati c ādbhutāny ulkābhihate
1_veda/5_vedang/2_paris/avpari_u.txt	183	m	1	ṛgvedo yajurvedaḥ sāmavedo brahmavedaḥ śikṣā kalpo vyākaraṇaṃ niruktaṃ chando jyotiṣam itihāsapurāṇaṃ vākovākya m idāvatsaraḥ parivatsaraḥ saṃvatsaro daśamaṃ śītoṣṇe ekādaśadvādaśe
1_veda/5_vedang/2_paris/avpari_u.txt	163	r	1	uttare phalgunyau hasta ś citrā svāti r viśākhe anūrādhā jyeṣṭhā mūlaṃ pūrvāṣāḍhā tan navamam ādityo daśamaṃ nāmarūpa pūrvapakṣāparapakṣāv ekādaśadvādaśe
1_veda/5_vedang/2_paris/avpari_u.txt	2859	t	2	t yā da co pra naḥ yo yo dhi || hi ma dhī sya va de rgo bha yam ṇī re rva tu vi tsa ta t ||
1_veda/5_vedang/2_paris/avpari_u.txt	419	y	1	prajāpatir yaḥ sasṛje prajā imā devānt sa sṛṣṭvā viniyoj y a karmasu | sa sarvabhuk sarvayogeṣu rohiṇī śivāḥ kriyāḥ kṛṇutāṃ karmasiddhaye ||
1_veda/5_vedang/2_paris/avpari_u.txt	163	ś	1	uttare phalgunyau hasta ś citrā svāti r viśākhe anūrādhā jyeṣṭhā mūlaṃ pūrvāṣāḍhā tan navamam ādityo daśamaṃ nāmarūpa pūrvapakṣāparapakṣāv ekādaśadvādaśe
1_veda/5_vedang/2_paris/avpari_u.txt	453	ś	1	yās triṃśataṃ trīṃś ca madanti devā devanāmno nirmitā ṃ ś ca bhūyasaḥ | tā no 'ṣāḍhā uttarā vaso viśve śivāḥ kriyāḥ kṛṇutāṃ suramatāḥ ||
1_veda/5_vedang/2_paris/avpray_u.txt	955	k	1	yat kiṃ cāvidhivihitaṃ karma kriyate tasyaiṣaiva sarvasya k | lptiḥ sarvasya prāyaścittiś ceti hi śrutir bhavati |
1_veda/5_vedang/2_paris/avpray_u.txt	961	k	1	yat kiṃcid yajñe viriṣṭam āpadyeta tasyaiṣaiva sarvasya k | lptiḥ sārvasya prāyaścittiś ca | iti hi śrutir bhavati ||
1_veda/5_vedang/2_paris/avpray_u.txt	1619	k	1	trīṇi vā caturgṛhītāny anuvākasyety ācāryā ete nityakalpāyārtvijyetarūpayasāṃ tanvām ārttim ārchatāṃ cottarāṃ vā saṃdhiṃ saṃdhāya juhuyād iti taittirīyabrāhmaṇam iṣṭvā taddaivatyāmedhikīyatāmarttir vidyāj jāmiṃ puruṣavidhiṃ māyayā vā yajñasaṃbandhinīṃ vāṅmanaścintāyāṃ prāg viharaṇād ārtāya prajāpatir manasi sārasvato vāci visṛṣṭāyāṃ vidhānaṃ dīkṣāyāṃ brahmavrate svāhety etena nyāyena vājasaneyībrāhmaṇamoghena mantrāḥ k | lptāḥ |
1_veda/5_vedang/2_paris/avpray_u.txt	1151	r	1	prāta r ya sya skanno homaḥ syāt sāyaṃ nāśnīyān |
1_veda/5_vedang/2_paris/avpray_u.txt	1477	ś	1	|| ś ca tvā || indur indum upāgāt sāyāme so ma bhūt sarva tasya ta indav | indrapītasyopahūtasyopahūto bhakṣayāmi ity abhimṛṣṭasya bhakṣayet |
1_veda/5_vedang/3_pratis/rgvidh_u.txt	115	h	1	tribhir | sidhyanti | mantrāś | ca | mucyate | ca | upapātakai | h |
1_veda/5_vedang/3_pratis/rgvidh_u.txt	503	m	1	nāsatyau | tu | namas | kṛtvā | parā | m | ṛddhim | avāpnuyāt ||
2_epic/mbh/ext/hv_apppu.txt	41445	s	1	pūṣāpi daityaṃ navabhiḥ śarai s tato
2_epic/mbh/mbh_02_u.txt	16629	m	1	na m indrajālena ca mohanena
2_epic/mbh/mbh_07_u.txt	43513	m	1	matsyaiś ca somakaiś caiva sahito m abhyayāt
2_epic/mbh/mbh_07_u.txt	43665	m	1	guruputrāstravṛrdhyata | ddhyartha m ekajvālam abhūd balam
2_epic/mbh/mbh_08_u.txt	21975	m	1	dvipena devāpṛthu daivāvṛdha | m abhyapīḍayat
2_epic/mbh/mbh_09_u.txt	6563	m	1	śūliyāsa pāśa | m atikramya śakralokaṃ samaśnute
2_epic/mbh/mbh_12_u.txt	35833	m	1	śṛṇu bhīṣma yathānyāyaṃ purā tva | tvā m iha sattamāḥ
2_epic/mbh/mbh_12_u.txt	63237	n	1	udgiraṃś caturo vedāñ śe | n saśe ṣān vasudhādhipa
3_purana/agp_bi_u.txt	47840	c	1	svāhā śirasyatha vaṣaṭśikhāyāṃ kavace c hūṃ
3_purana/bhagp/bhp_03u.txt	431	n	1	tatra snātvā pit n devān ṛṣīṃś caiva tad ambhasā
3_purana/bhagp/bhp_03u.txt	1753	n	1	saṃvatsara śataṃ n ṇāṃ paramāyur nirūpitam
3_purana/bhagp/bhp_03u.txt	6151	n	1	pit n yajanty anudinaṃ gṛheṣv abhiratāśayāḥ
3_purana/bhagp/bhp_04u.txt	1779	n	1	icchanti yat sparśajaṃ niraye 'pi n ṇām
3_purana/bhagp/bhp_05u.txt	237	r	1	samparete pitari nava bhrātaro meru duhit r merudevīṃ pratirūpām ugradaṃṣṭrīṃ latāṃ ramyāṃ śyāmāṃ nārīṃ bhadrāṃ devavītim iti saṃjñā navodavahan
3_purana/bhagp/bhp_09u.txt	1993	n	1	kathaṃ sa bhagavān rāmo bhrāt n vā svayamātmanaḥ
3_purana/bhagp/bhp_09u.txt	2161	n	1	arājakabhayaṃ n ṇāṃ manyamānā maharṣayaḥ
3_purana/bhagp/bhp_09u.txt	2627	n	1	rāmaḥ sañcoditaḥ pitrā bhrāt n mātrā sahāvadhīt
3_purana/bhagp/bhp_09u.txt	2847	n	1	catasṛṣv ādiśaddikṣu bhrāt n bhrātā yavīyasaḥ
3_purana/garup1_u.txt	2723	m	1	tasyaivāṅgagatāṃ devīmamṛtāmṛtabhāṣiṇī m |
3_purana/garup1_u.txt	22704	m	1	śiro 'rtiṃ nāśayatyāśu puṣpaṃ vā mucukundaka m ||
3_purana/garup1_u.txt	13972	t	1	kṣattraṃ cāndrāyaṇaṃ vipraṃ dvāviṃśātriṃśamāhare t ||
3_purana/garup1_u.txt	16602	t	1	kalambikāmlikopetaṃ kāmyaṃ tasya phalaṃ bhave t |
3_purana/garup2_u.txt	10549	t	1	abyaṅgānsapraśastāṃśca na t varjyānkadācana ||
3_purana/narsippu.txt	14175	m	1	dāso 'ha | m vāsudevasya devadevasya śārṅgiṇaḥ ||
4_rellit/buddh/asmahsuu.txt	4722	n	1	ṣaṭpāramitādhikāreṇa ṣaḍvidho niyatipāta eṣa nirdiṣṭaḥ | saṃpattiniyatipāto nityamudārabhogasaṃpattilābhāt | upapattiniyatipāto nityaṃ yatheṣṭopapattiparigrahāt | akhedaniyatipāto n ityaṃ saṃsāraduḥkhairakhedāt | bhāvanāsātatyaniyatipāto nityaṃ bhāvanāsātatyāt | samādhānācyutau kṛtyasiddhau ca niyatipāto nityaṃ samādhyaparihāṇitaḥ sattvakṛtyasādhanataśca | anābhogānutpattikadharmakṣāntilābhe niyatipātaśca nityamanābhoganirvikalpajñānavihārāt |
4_rellit/buddh/asmahsuu.txt	4572	t	1	pitā hi putrāṇāṃ pañcavidhamupakāraṃ karoti | bījaṃ teṣāmavaropayati | śilpaṃ śikṣayati | pratirūpairdārairniyojayati | sanmitreṣupanikṣipati | anṛṇaṃ karoti yathā na paitṛkamṛṇaṃ dāpyate | tatsādharmyeṇa bodhisattvānāmetāni pañca karmāṇi veditavyāni | śraddhā hi sattvānāmāryātmabhāvapratilambhasya bījaṃ | śaikṣāḥ śilpaṃ | vimuktirbhāryā vimuktiprītisukhasaṃvedanā t | buddhāḥ kalyāṇamitrāṇi | avaraṇamṛṇasthānam |
4_rellit/buddh/mhvastuu.txt	939	c	1	ye c | anāgata mahāmatiśūrā |
4_rellit/buddh/mhvastuu.txt	5463	c	1	evaṃ megho māṇavo bhagavatā dīpaṃkareṇa anuttarāye samyaksaṃbodhaye vyākṛto tad bhaviṣyati bahujanahitāya bahujanasukhāya lokānukampāya mahato janakāyasyārthāya hitāya sukhāya devānāṃ ca manuṣyāṇāṃ ca || bhūmyānāṃ devānāṃ ghoṣaṃ śrutvā antarīkṣecarā devā cāturmahārājikā devā trāyastriṃśā yāmā tuṣitā nirmāṇaratino paranirmitavaśavartino iti hi tatkṣaṇaṃ tanmuhūrtaṃ yāva brahmakāyaṃ ghoṣam abhyudgame || evaṃ mārṣa megho māṇavo bhagavatā dīpaṃkareṇa anuttarāye samyaksaṃbodhaye vyākṛto taṃ bhaviṣyati bahujanahitāya bahujanasukhāya lokānukampāya mahato janakāyasyārthāya hitāya sukhāya devānāṃ ca manuṣyāṇāṃ c || aprameyasya ca udārasya mahato obhāsasya loke prādurbhāvo āsi || yā pi tā loke lokāntarikā andhakārā andhakārārpitā tamisrā tamisārpitā aghā aghasaṃbhūtapūrvā yatra ime pi candramasūryā evaṃ maharddhikā evaṃ mahānubhāvā ābhayā ābhāṃ nābhisaṃbhuṇanti ālokena vā ālokaṃ na spharanti te pi tena obhāsena sphuṭā abhūnsuḥ | ye pi tatra satvā upapannāḥ te pi anyonyaṃ saṃjānensuḥ || anye pi kila bho iha satvā upapannāḥ anye pi kila bho satvāḥ ihopapannāḥ || ekāntasukhasamarpitā ca tatkṣaṇaṃ tanmuhūrtaṃ sarvasatvā abhūnsu | ye pi avīce mahānarake upapannā atikrame ca devānāṃ devānubhāvaṃ nāgānāṃ nāgānubhāvaṃ yakṣāṇāṃ yakṣānubhāvaṃ || dhyāmāni ca abhūnsuḥ mārabhavanāni niṣprabhāṇi nistejāni nirabhiramyāṇi | krośikāny apy asya khaṇḍāni prapatensu | dvikrośikāny apy asya khaṇḍāni prapatensu | trikrośikāny apy asya khaṇḍāni prapatensu | yojanikāny apy asya khaṇḍāni prapatensu | dhvajāgrāṇy apy asya prapatensuḥ | māro ca pāpīmāṃ duḥkhī durmanā vipratisārī antośalyaparidāghajāto abhūṣi ||
4_rellit/buddh/mhvastuu.txt	8691	c	1	sarve c | ime drumavarā akālakusumehi || cchāditā |
4_rellit/buddh/mhvastuu.txt	871	h	1	roditehi mathitā h | imau kramau ||
4_rellit/buddh/mhvastuu.txt	6931	h	1	evaṃ h | imāṃ kṣatriyabhūmipālāṃ
4_rellit/buddh/mhvastuu.txt	6939	h	1	evaṃ h | imāṃ kṣatriyabhūmipālāṃ
4_rellit/buddh/mhvastuu.txt	6947	h	1	evaṃ h | imāṃ kṣatriyabhūmipālāṃ
4_rellit/buddh/mhvastuu.txt	9183	k	1	sūryo pi upasaṃkrānto || k auśika āha ||
4_rellit/buddh/mhvastuu.txt	359	m	1	āyuṣmān mahāmaugalyāyano abhīkṣṇaṃ asuracārikāṃ gacchati || so paśyati asurapure asurāṃ pravṛddhamahākāyā ugradarśanā vyāpādabahulā asureṣu cyavitvā vinipātentā || āyuṣmān kolito sthaviro caranto asuracārikām adrākṣīt sureṣu vyāpādena suduḥkhitāṃ paṃca asuragaṇān || teṣām evaṃ bhavati | vayaṃ heṣṭā upari devā || tataḥ kupyanti vyāpadyanti abhiṣyandanti kopaṃ ca roṣaṃ ca apratyayaṃ ca āviṣkaronti || te caturaṅgabalakāyaṃ sannahitvā hastikāyaṃ aśvakāyaṃ rathakāyaṃ pattikāyaṃ sannahitvā devagulmāni prabhajanti yad idaṃ karoṭapāṇayo nāma yakṣā mālādhārā nāma yakṣāḥ sadāmattā nāma yakṣāḥ | etāni devagulmāni bhaṃjitvā devehi trāyastriṃśehi saṃgrāmenti || te khu devānāṃ trāyastriṃśānāṃ kṛtapuṇyānāṃ maheśākhyānām antike cittāni pradūṣayitvā kāyasya bhedāt paraṃ maraṇāt apāyadurgativinipātanarakeṣūpapadyanti || so taṃ asurāṇāṃ mahāntam ādīnavaṃ dṛṣṭvā jetavanam āgatvā caturṇāṃ parṣāṇāṃ vistareṇa m ārocayati || evaṃ satvā mahāsamudre asurapure vividhāni duḥkhāni pratyanubhavanti || tasmāñ jñātavyaṃ boddhavyaṃ prāptavyaṃ pratisaṃboddhavyaṃ kartavyaṃ brahmacaryaṃ na ca kiñcilloke pāpaṃ karma karaṇīyan ti vadāmi || sthavirasya śrutvā bahūni prāṇasahasrāṇi devamanuṣyāṇām amṛtaṃ prāpayanti ||
4_rellit/buddh/mhvastuu.txt	2275	m	1	tvam iva m ahaṃ saṃbuddho dharmaṃ prakāśayeya naramarūṇāṃ |
4_rellit/buddh/mhvastuu.txt	3123	m	1	naitad vibuddhi amareśvara m ādikehi
4_rellit/buddh/mhvastuu.txt	3571	m	1	bodhyitvā m atulāṃ bodhiṃ sarvasatvāna kāraṇā |
4_rellit/buddh/mhvastuu.txt	4581	m	1	kaṃcit kālaṃ sthihiya m antarato nāyaṃ samā maruvadhūhi bhave ||
4_rellit/buddh/mhvastuu.txt	5827	m	1	nīlāśvā nīlarathā nīlā raśmipratoda m uṣṇīṣā |
4_rellit/buddh/mhvastuu.txt	5833	m	1	pītāśvā pītarathā pītā raśmipratoda m uṣṇīṣā |
4_rellit/buddh/mhvastuu.txt	6119	m	1	sace koci m asmiṃ lokasmiṃ sarvā pi devatā sadā |
4_rellit/buddh/mhvastuu.txt	6565	m	1	bhūtapūrvaṃ vāsiṣṭhā atīta m adhvāne pāṃcāle janapade kampilla nagare rājā brahmadatto nāma rājyaṃ kāresi susaṃgṛhītaparijano dānasaṃvibhāgaśīlo || tasya taṃ kampillaṃ janapadaṃ ṛddhaṃ ca sphītaṃ ca kṣemaṃ ca subhikṣaṃ cākīrṇabahujanamanuṣyaṃ ca sukhitamanuṣyaṃ ca praśāntadaṇḍaḍamaraṃ sunigṛhītataskaraṃ vyavahārasampannaṃ || tasya dāni rājño brahmadattasya rakṣito nāma purohitaputro maheśākhyo daśakuśalakarmapathasamādāyavartī kāmeṣu ādīnavadarśāvī niḥśaraṇaprajño saṃvegabahulo naiṣkramyābhiprāyo || so kāmeṣu ādīnavaṃ dṛṣṭvā anuhimavantaṃ gatvā ṛṣipravrajyāṃ parvrajīto || tena dāni tahiṃ himavante āśramaṃ
4_rellit/buddh/mhvastuu.txt	6601	m	1	dhanena mitrāṃ sadā m anukampi
4_rellit/buddh/mhvastuu.txt	7027	m	1	pratyutthāna m āsanatāṃ tato ca |
4_rellit/buddh/mhvastuu.txt	7155	m	1	yatra yatropapadyehaṃ tatra m | etaṃ samṛdhyatu ||
4_rellit/buddh/mhvastuu.txt	8045	m	1	āśu vigatamala m akhilā ākāśagatā abhiniṣaṇṇāḥ ||
4_rellit/buddh/mhvastuu.txt	8591	m	1	sarva m anavadyagātro utpanno lokasundaro tuhyaṃ |
4_rellit/buddh/mhvastuu.txt	6955	p	1	evaṃ p | imāṃ kṣatriyabhūmipālāṃ
4_rellit/buddh/mhvastuu.txt	269	r	1	ayoguḍā hi agnismiṃ yatha r iva saṃtāpitā |
4_rellit/buddh/mhvastuu.txt	1559	r	1	ca bhavanti | abhīkṣṇaṃ lokaramaṇīyābhiratāś ca bhavanti | na ca sarvadhātū anityā saṃkalpayanti | svena ca varṇarūpeṇa param abhimanyanti | na ca viparītadarśanatyāgaṃ karonti | na ca yathoddiṣṭaṃ padavyaṃjanaṃ paripūrṇaṃ karonti | deśanāmatsariṇaś ca bhavanti | apātradarśinaś ca bhavanti | pātre ca na pratipādayanti | kaṭhinasantānāś ca bhavanti | asamīkṣakāriṇaś ca bhavanti || ye keci bho dhutadharmadhara bodhisatvā dvitīyāyāṃ bhūmau vartamānā tṛtīyāyāṃ bhūmau vivartanti sarve te imehi r aṣṭāviṃśadbhir ākārair vivartanti ||
4_rellit/buddh/mhvastuu.txt	4925	r	1	atha viṃśatiṃ sahasrā marukanyā āśu r eva sannipatitā |
4_rellit/buddh/mhvastuu.txt	4937	r	1	atha caturi lokapālā saparivārā āśu r eva sannipatitā |
4_rellit/buddh/mhvastuu.txt	6009	r	1	ati r iva udvilyaharṣā hāhākāraṃ udīrensuḥ ||
4_rellit/buddh/mhvastuu.txt	7089	r	1	upasaṃkramitvā pṛcchanti || kiṃ kṣemaṃ kiṃ avidhāvidhaṃ ti krandasi || grāmika āha || krandāmi yenaite na saṃvibhāgaratā na saṃvibhāgaśīlāḥ yatra nāma evaṃ mahantāto grāmāto eko bhikṣu yathādhautena pātreṇa nirdhāvati || te dāni grāme mahallakā tasya grāmikasya śrutvā taṃ pratyekabuddhaṃ satkartavyaṃ manyensu || grāmikena pratyekabuddhaṃ gṛhaṃ praveśetvā āhāreṇa pratimānetvā yāvajjīvam upanimantrito || aham āryasya nimantremi yāvajjīvaṃ sarvasukhopadhānena || svayaṃdhītā saṃveditā || evan tuvaṃ āryaṃ taṃ divasam āhāreṇa upasthihisi || dārikā prītā tuṣṭā saṃvṛttā || śobhanaṃ me kalyāṇaṃ karma sevitaṃ || sā dāni taṃ pratyekabuddhaṃ divasam āhāreṇa upasthihati prāsādikābhiprasannadevamanuṣyā || pratyekabuddho parijñātabhojano sarvāśuciparikṣīṇo mahābhāgo || tasya dāni grāmikasya dhītus tāṃ pratyekabuddhasya īryāṃ paśyitvā udāraṃ pasādaṃ jātaṃ || tathā anye pi janā prasannā || so dāni pratyekabuddho tasya grāmikasya prasādena tatraiva grāmakṣetre anupādāya parinirvṛto || tato grāmikena taṃ pratyekabuddhaṃ dhyāyetvā stūpaṃ kṛtaṃ na cātikhuḍḍākaṃ na cātimahantaṃ sudhāmṛttikālepanaṃ || sā dāni grāmikasya dhītā taṃ stūpaṃ daivasikaṃ kāṃsyapātreṇa pūjeti gandhena mālyena ca dhūpena ca || paścāt tato stūpāto taṃ nānāprakāraṃ mālyaṃ vātena apakarṣīyate || tāye dāni taṃ mālyaṃ saṃkaḍḍitvā ceṭīhi sārdhaṃ dīrghamālāguḍikā nicitopacitā nānāpuṣpāṇāṃ || tatra tāye mālāye taṃ pratyekabuddhasya stūpaṃ sarvaṃ pariveṭhitaṃ || tasyā tāṃ mālāṃ tahiṃ stūpe sthitāṃ ca mālā ca sarvā rūpeṇa ca tejena ca abhibhavitvā tiṣṭhantīṃ deveṣu divyam āyuḥpramāṇaṃ kṣapetvā śobhantīṃ dṛṣṭvā ati r iva cittaprasādam utpannaṃ || sā dāni prasannacittā praṇidhānam
4_rellit/buddh/mhvastuu.txt	8287	r	1	atha caturi lokapālā saparivārā āśu r eva sannipatitā |
4_rellit/buddh/mhvastuu.txt	8803	r	1	pragṛhītakhaḍgahastā ati r iva priyadarśanapralāpā ||
4_rellit/buddh/mhvastuu.txt	18223	ṣ	1	likhati yathā sudarśanā jāneyā kuśasyaitaṃ karman ti || tehi dāni śaṃkhagajadakārehi yaṃ kālaṃ sarvāṇi kṛtāni yathāṇattāni rājño mahendrakasya upanāmitāni || rājā taṃ kuśasya karmaṃ dṛṣṭvā udāraśobhanaṃ sukṛtaṃ rājārhaṃ vismayam āpannaḥ | aho yādṛśānīmāni kuśalenācāryaputreṇa kṛtāni || kumārāmātyehi pi abhilakṣitāni rājapuruṣehi pi abhilakṣitāni kuśena kṛtāni śaṃkhagajadantabhāṇḍāni dṛṣṭvā vismayam āpannāḥ || imāni kuśalenācāryaputreṇa kṛtāni || rājñā mahendreṇa varṣavarāṇāṃ kāṃcukīyānāṃ ca haste tāny ābharaṇāni bhājanāni ca preṣitāni | gacchatha antaḥpuraṃ praveśetha mahādevīye dhītuś ca me sudarśanāye yathābhiprāyaṃ prathamaṃ detha tataḥ paścād anyāsāṃ devīnām antaḥpurikānāṃ ca || te dāni varṣavarā kāṃcukīyā tāny ābharaṇāni bhājanāni ca gṛhya antaḥpuraṃ praveśitāni mahādevīye upanāmitāni | devi imāni te śaṃkhagajadantamayāni ābharaṇāni bhājanāni ca rājñā preṣitāni tvaṃ ca dhītā ca te sudarśanā pūrvaṃ yathāmiprāyaṃ gṛhṇatha paścād aparāṇāṃ devīnāṃ dīṣyati sarvāsāñ ca antaḥpurikānāṃ || sā dāni sudarśanā tāni śaṃkhagajadantamayāni ābharaṇāni bhājanāni dṛṣṭvā yan teṣāṃ sukṛtaṃ suniṣṭhitaṃ kalyāṇaṃ śobhanaṃ kalyāṇācāryaputreṇa kṛtakaṃ dṛṣṭvā haste praṇāmitaṃ gṛhṇīṣyanti yāvat paśyati kuśasya nāmakaṃ ṣ tasyaivaṃ bhavati | kuśasyaitaṃ karmaṃ ti | sā dāni taṃ mellitvā anyāni prākṛtakāni kuśilpikṛtāni gṛhṇāti || sā dāni sudarśanā mātare vuccati bhaginīhi ca antarpurikāhi ca varṣavarehi ca kāṃcukīyehi ca vuccati || sudarśane kiṃ tvaṃ edṛśīkā
4_rellit/buddh/udanav_u.txt	35	n	1	daharā | api | ṃriyante | hi | narā | nāryaś | ca | n | ekaśaḥ || anekaśaḥ |
4_rellit/buddh/udanav_u.txt	3657	v	1	anihsṛtān | bhavā | sarvāṃs | tān | vadāmi | sadā | v | aham ||
4_rellit/buddh/vinsutru.txt	3990	c	1	|| kṛtaṃ saṃstaram antargṛhe || c chorayeyur avalokya gṛhapatiṃ
4_rellit/buddh/vinsutru.txt	1689	d	1	dānam itarārthārtham itarārthā d udhāragrahaṇadhamarṇā
4_rellit/buddh/vinsutru.txt	9086	d	1	mo canaṃ cedyā || d asyauṣṭaṃ tāvato niṣkrayatvam
4_rellit/buddh/vinsutru.txt	1509	m	1	sthūlakṛtva m anayor amārge
4_rellit/buddh/vinsutru.txt	7269	m	1	amuktāvasty asmākam anena sārddhaṃ kiñcid eva karaṇīya m iti sādyaṃ
4_rellit/buddh/vinsutru.txt	7485	m	1	kākapadakānā m antaro ntare yathārtham avasthāpanāya dānam
4_rellit/buddh/vinsutru.txt	7906	m	1	naivāsikānā m asy etad ante śanaiḥ sthāpanama
4_rellit/buddh/vinsutru.txt	8142	m	1	śuddhi m uktyor anena pratyavagatau sthūlātyayaḥ
4_rellit/buddh/vinsutru.txt	11438	m	1	tajjanīyādīnā m etattvenāvyavasthāpanāt
4_rellit/buddh/vinsutru.txt	1165	n	1	anuddhataḥ kule syād anunnaḍā n avasthitaḥ
4_rellit/buddh/vinsutru.txt	2298	n	1	ājñāne subhaṣita durbhāśitayor arthasya trayo n | ye nyatra pratisevane methunasyeti pratibalatve maulasya
4_rellit/buddh/vinsutru.txt	3972	n	1	vātavarṣa n ced antarmārge syād vṛkṣasya mūle kuḍyasya vā sthalaṃ kuryuḥ
4_rellit/buddh/vinsutru.txt	5347	n	1	tadā cet svāmy āgacched anujñānam āyā || ya n ichate dadyuḥ
4_rellit/buddh/vinsutru.txt	275	r	1	na glānaṃ pravrājayeyu || r upasampādayeyur vā
4_rellit/buddh/vinsutru.txt	7797	r	1	arūḍhi r avipravāsasamvṛter abaddhasīmatāyāṃ bhūmeḥ
4_rellit/buddh/vinsutru.txt	9186	r	1	maṃcasya ratnamayāde r ayomayāt tasya parivartyā
4_rellit/buddh/vinsutru.txt	11944	r	1	gāthayo r ārabdham iti dvayor adhastāt
4_rellit/buddh/vinsutru.txt	12540	r	1	teṣām api bhikṣubhi r evam eva
4_rellit/buddh/vinsutru.txt	7531	s	1	darśana bhikṣuṇām aṅga tāvad āyusmanta s tvaritatvaritam āgacchatām āryasaṃghasya poṣadhaḥ pravaraṇā vā pāñcadaśika iti vacanaṃ
4_rellit/buddh/vinsutru.txt	47	t	1	upādhyāyaḥ prāvṛṇuyā t ||
4_rellit/buddh/vinsutru.txt	6995	t	1	na varṣakam u t | krameṇa dadyāt
4_rellit/buddh/vinsutru.txt	12080	v	1	na sthalikāyāḥ saṃkaṭasaṃbādhaprāptā v anāpattiḥ
4_rellit/buddh/vinsutru.txt	9426	ṇ	1	kakṣahastikhaṭuṃkāś ca tadanyacaṇḍamṛgān ṇ ām apy ebhir ākṣepaḥ
4_rellit/buddh/vinv08_u.txt	121	m	1	yathāpi tad bhikṣur āstīrṇakaṭhinād āvāsād akṛtacīvaro 'niṣṭhitacīvaro bahiḥsīmāṃ prakrāmati pratyeṣyāmi cīvarakaṃ kariṣyāmīti | samagreṇa ca saṃghena kaṭhinam uddhṛtaṃ sa śṛṇoti samagreṇa saṃghena kaṭhinam uddhṛtam iti śrutvā cābhyanumodate sādhūddhṛtaṃ suṣṭhūddhṛtam iti | tasya śravaṇāntikaḥ kaṭhinoddhāra m iti ||
4_rellit/buddh/vinv11_u.txt	109	r	1	tenoktaḥ | bhadanta uttara kutra gacchasi | śrāvastīṃ | svacittaṃ pratilabhasva ihaiva tiṣṭha mā gaccha | sthānam etad vidyate yat tvayā punar āgatyāham eva kṣamayitavya iti | tasya vacanam avacanīkṛtya samādāya pātracīvaraṃ yena śrāvastī tena cārikāṃ prakrānto 'nupūrveṇa cārikāṃ caraṃ śrāvastīm anuprāptaḥ | sa bhikṣubhir dṛṣṭaḥ uktaś ca | svāgataṃ svāgatam āyuṣmann uttara prītā vayaṃ tvaddarśanena no tv āgamanena | kiṃ karaṇam tvam āgamya citro gṛhapatir mrakṣaṣaṇḍāyāṃ buddhadharmasaṃgheṣu kārān karoti | āgantukānāṃ ca gāmikānāṃ ca mrakṣaṣaṇḍā pratisaraṇam | asty etad evaṃ | mayā citro gṛhapatir avasphaṇḍitaḥ | yathā kathaṃ tena yathāvṛttam ārocitaṃ | etat prakaraṇaṃ bhikṣavo bhagavata ārocayanti bhagavān āha kuruta yūyaṃ bhikṣavaḥ uttarasya bhikṣor gṛhapati r avasphaṇḍakasya pratisaṃharaṇīyaṃ karma iti | yo vā punar anyo 'pi evaṃjātīyaḥ |
4_rellit/buddh/vinv11_u.txt	113	r	1	śṛṇotu bhadantāḥ saṃghaḥ | anenottareṇa bhikṣuṇā citro gṛhapatir avasphaṇḍitaḥ | sacet saṃghasya prāptakālaṃ kṣametānujānīyāt saṃgho yat saṃgha uttarasya bhikṣor gṛhapati r avasphaṇḍakasya pratisaṃharaṇīyaṃ karma kuryād ity eṣā jñaptiḥ
4_rellit/buddh/vinv11_u.txt	115	r	3	tataḥ karma kartavyaṃ | śṛṇotu bhadantāḥ saṃghaḥ | anenottareṇa bhikṣuṇā mrakṣaṣaṇḍāyāṃ citro gṛhapatir avasphaṇḍitaḥ | tat saṃgha uttarasya bhikṣor gṛhapati r avasphaṇḍakasya pratisaṃharaṇīyaṃ karma karoti | yeṣām āyuṣmatāṃ kṣamate uttarasya bhikṣor gṛhapati r avasphaṇḍakasya pratisaṃharaṇīyaṃ karma kartuṃ te tūṣṇīṃ | na kṣamate bhāṣantāṃ | iyaṃ prathamā karmavācanā | evaṃ dvitīyā tṛtīyā karmavācanā kartavyā | kṛtaṃ saṃghena uttarasya bhikṣor gṛhapati r avasphaṇḍakasya pratisaṃharaṇīyaṃ karma | kṣāntam anujñātaṃ saṃghena yasmāt tūṣṇīm evam etad dhārayāmi ||
4_rellit/buddh/vinv11_u.txt	117	r	1	pratisaṃharaṇīyakarmakṛtasyāhaṃ bhikṣor āsamudācārikān dharmān prajñapayāmi | pratisaṃharaṇīyakarmakṛtena bhikṣuṇā na pravrājayitavyaṃ pūrvavad yāvat | sa evaṃ pratisaṃharaṇīyakarmakṛta utkacaprakacaḥ saṃghe roma pātayati | niḥsaraṇaṃ pravartayati | sāmīcīm upadarśayati | antaḥsīmāyāṃ ca sthitvā osāraṇāṃ yācate | gṛhapati r avasphaṇḍakatvāc ca prativiramāmīti vadati | etat prakaraṇaṃ bhikṣavo bhagavata ārocayanti | bhagavān āha osārayata yūyaṃ bhikṣava uttaraṃ bhikṣuṃ pratisaṃharaṇīyakarmakṛtam iti | yo vā punar anyo 'pi evaṃjātīyaḥ |
4_rellit/buddh/vinv_06u.txt	2427	m	1	kutaḥ punar bhikṣum imaṃ traimās | m
4_rellit/saiva/kubjt_pu.txt	2697	d	1	khagatir bhavate d evaṃ yonimārge vicakṣaṇaḥ ||
4_rellit/saiva/kubjt_pu.txt	4857	d	1	daśadhā ravate d evam aṣṭapattroparisthitam ||
4_rellit/saiva/kubjt_pu.txt	10703	l	1	do do ru ṇa yo yo ni ra ya iti dvitīyacakre l
4_rellit/saiva/kubjt_pu.txt	59	m	1	kim anena na paryāptaṃ yad āyāta m iha prabhuḥ ||
4_rellit/saiva/kubjt_pu.txt	357	m	1	vāmaprasāritakarā vāmadevī m uvāca ha ||
4_rellit/saiva/kubjt_pu.txt	1557	m	1	vidarbho mantra m ādau tu mantrānte vīranāyike ||
4_rellit/saiva/kubjt_pu.txt	1659	m	1	pañcāvasthāprabhinnas tu tadā mantra m ihocyate |
4_rellit/saiva/kubjt_pu.txt	1921	m	1	nṛtyadvayaṃ tathā coktaṃ daśa m ekaṃ tu suvrate |
4_rellit/saiva/kubjt_pu.txt	1935	m	1	bhiri caiva dvirabhyāsād viṃśa m ekonasaṅkhyayā ||
4_rellit/saiva/kubjt_pu.txt	1939	m	1	bhrāmaṇiyugmam etad dhi viṃśa m ekaṃ tu uttamam ||
4_rellit/saiva/kubjt_pu.txt	1973	m	1	pañcapraṇava m uddhāraṃ yathā tvaṃ gahvare śṛṇu |
4_rellit/saiva/kubjt_pu.txt	1975	m	1	e o madhye samuddhṛtya bindunāda m alaṅkṛtam ||
4_rellit/saiva/kubjt_pu.txt	1981	m	1	i u madhyena sambhinnam aḥ au madhya m alaṅkṛtam |
4_rellit/saiva/kubjt_pu.txt	1999	m	1	pañcapraṇava m uddhāraṃ rahasyaṃ kathitaṃ tava ||
4_rellit/saiva/kubjt_pu.txt	2031	m	1	śuddhis trisahasrād devi yathā bhairava m abravīt ||
4_rellit/saiva/kubjt_pu.txt	2077	m	1	smaraṇāc chuddhir iṣyeta tathyaṃ bhairava m abravīt |
4_rellit/saiva/kubjt_pu.txt	2239	m	1	evaṃ tadgraha m ākhyātaḥ sadyaḥpratyayakārakaḥ ||
4_rellit/saiva/kubjt_pu.txt	2765	m	1	pañcāśabhedabhinnā sā ekā eva m udāhṛtā ||
4_rellit/saiva/kubjt_pu.txt	2787	m	1	brahmāṇyāḥ sapta m uddiṣṭāḥ sapta māheśvarī punaḥ |
4_rellit/saiva/kubjt_pu.txt	2789	m	1	kaumāryāḥ sapta m uddiṣṭā vaiṣṇavyāḥ sapta eva ca ||
4_rellit/saiva/kubjt_pu.txt	2791	m	1	vārāhī sapta m uddiṣṭā aindrāṇyāḥ sapta eva tu |
4_rellit/saiva/kubjt_pu.txt	2793	m	1	cāmuṇḍā sapta m uddiṣṭā evaṃ vai sapta saptasu ||
4_rellit/saiva/kubjt_pu.txt	2853	m	1	aha m ūrdhvagatiḥ proktaḥ stau ti rātrī nigadyate ||
4_rellit/saiva/kubjt_pu.txt	2983	m	1	pañcapraṇava m ādyantā viyuktā lakṣaṇādhikā ||
4_rellit/saiva/kubjt_pu.txt	3025	m	1	pañcapraṇava m ādyantā yathā vidyā tathā kuru ||
4_rellit/saiva/kubjt_pu.txt	3513	m	1	yatheṣṭaṃ jāyate siddhir nāsty atra m anṛtaṃ vacaḥ |
4_rellit/saiva/kubjt_pu.txt	3557	m	1	pañcapraṇava m ādyena aghoreṇa surādhipe |
4_rellit/saiva/kubjt_pu.txt	3595	m	1	pañcapraṇava m ādyantaṃ tatordhve tu śikhāśivam ||
4_rellit/saiva/kubjt_pu.txt	3699	m	1	bahurūpadharo hy agniḥ pracaṇḍaḥ kāla m antagaḥ ||
4_rellit/saiva/kubjt_pu.txt	4235	m	1	śrūyatāṃ kula m īśāni kālasya kālarūpiṇī |
4_rellit/saiva/kubjt_pu.txt	4601	m	1	prakaṭaṃ śiva vijñeyaṃ guptam ānanda m ucyate |
4_rellit/saiva/kubjt_pu.txt	4627	m	1	dhātrīśaś ca tathā mīno meṣo lohita m eva ca ||
4_rellit/saiva/kubjt_pu.txt	4795	m	1	bindutattvāt paro bindur makārokāra m eva ca |
4_rellit/saiva/kubjt_pu.txt	4819	m	1	viśuddhir bodhajananī ṣoḍaśānta m adhordhvataḥ |
4_rellit/saiva/kubjt_pu.txt	5083	m	1	svasthānasthas tu avyaktaḥ padānte vyakta m āśritaḥ |
4_rellit/saiva/kubjt_pu.txt	6097	m	1	paitṛkaṃ śubham uddiṣṭaṃ reto hy ātmādi m īśvaraḥ ||
4_rellit/saiva/kubjt_pu.txt	6119	m	1	adhordhvaṃ nīyate jīvaḥ koṣakīṭa m iva sthitaḥ |
4_rellit/saiva/kubjt_pu.txt	6257	m	1	sṛṣṭikṛd bhagavānantaḥ padārthapada m īśvaraḥ ||
4_rellit/saiva/kubjt_pu.txt	6397	m	1	teṣv anyāḥ ṣoḍaśādhārāś catuḥṣaṣṭyānta m antikāḥ ||
4_rellit/saiva/kubjt_pu.txt	6401	m	1	aindrādīśāna m antasthāḥ sarvādhārāḥ parāparāḥ ||
4_rellit/saiva/kubjt_pu.txt	6543	m	1	śrīkuleśvaradevasya hṛdyordhvaghaṭa m antare |
4_rellit/saiva/kubjt_pu.txt	6873	m	1	kakārādau maparyantaṃ yakārādau ha m antimam |
4_rellit/saiva/kubjt_pu.txt	6903	m	1	aparāṃ sṛṣṭikartārāṃ parāṃ ṣaḍviṃśa m ādimām ||
4_rellit/saiva/kubjt_pu.txt	6981	m	1	vaḍavānala m āsīnam ājñāśūladharaṃ vibhum ||
4_rellit/saiva/kubjt_pu.txt	7075	m	1	sarvathā tad yajen nityaṃ vyākulena m anena kim |
4_rellit/saiva/kubjt_pu.txt	7227	m	1	mahāsaṃsāra m ambhodhes tārayantī vyavasthitā |
4_rellit/saiva/kubjt_pu.txt	7799	m	1	yatra yat padavinyāsaṃ tat kubjīśe m ataḥ śṛṇu ||
4_rellit/saiva/kubjt_pu.txt	8209	m	1	caturāśīti m ekatra kramāt sthūlaṃ pṛthak pṛthak ||
4_rellit/saiva/kubjt_pu.txt	8333	m	1	tripañcavarṣād ūrdhvaṃ ca sarvajño guṇa m īśvaraḥ ||
4_rellit/saiva/kubjt_pu.txt	8423	m	1	nocchvasen māsam ekaṃ tu tathyaṃ bhairava m abravīt |
4_rellit/saiva/kubjt_pu.txt	8707	m	1	catuṣṭayaṃ samākhyātaṃ pṛccha m anyaṃ yathāruci ||
4_rellit/saiva/kubjt_pu.txt	8879	m	1	daśa m ekādaśenaiva kūṭasthaṃ vā samekataḥ |
4_rellit/saiva/kubjt_pu.txt	10437	m	1	ū paścimaṃ samuddhṛtya ha pūrva m āsane sthitam |
4_rellit/saiva/kubjt_pu.txt	10657	m	1	brahmaṇālepya m ātmānaṃ paścād dhyānaṃ niyojayet |
4_rellit/saiva/kubjt_pu.txt	10873	m	1	o oṣṭhe sadyadevas tu ai bhauktī dvija m ūrdhvagaḥ |
4_rellit/saiva/kubjt_pu.txt	10887	m	1	tadgrahe rudra m ākhyātā mālinyāṃ śṛṇu sāmpratam ||
4_rellit/saiva/kubjt_pu.txt	10935	m	1	prajñā ca mohanī caiva ū u bhūṣaṇa m īkṣagau ||
4_rellit/saiva/kubjt_pu.txt	11061	m	1	raktacandanacūrṇena sindūreṇa m athāmbike |
4_rellit/saiva/kubjt_pu.txt	11189	m	1	kṣetrāṣṭa m aṣṭakaṃ caiva aṣṭakaṃ ca catuṣṭayam ||
4_rellit/saiva/kubjt_pu.txt	11201	m	1	sūkṣmā caiva susūkṣmā ca antimāmṛta m antimā ||
4_rellit/saiva/kubjt_pu.txt	11277	m	1	ekaikanāḍimadhyasthe marma m ekaikabhedini ||
4_rellit/saiva/kubjt_pu.txt	11829	m	1	ṣaṇmāsam athavābdaṃ ca dvirabdaṃ trīṇi m eva vā |
4_rellit/saiva/kubjt_pu.txt	11833	m	1	nava dvipañcakaṃ vātha ekādaśa m athāpi vā |
4_rellit/saiva/kubjt_pu.txt	11837	m	1	abda m ekena deveśi maṇḍalīkaiḥ prapūjyate |
4_rellit/saiva/kubjt_pu.txt	11903	m	1	unmanatve sadā yuktaḥ śūnyo mana m udāhṛtaḥ ||
4_rellit/saiva/kubjt_pu.txt	12063	m	1	vardhamānī m upālambhī dehalyā muṣalaṃ tathā ||
4_rellit/saiva/kubjt_pu.txt	12113	m	1	śirādau sarva m aṅgeṣu aṅgapratyaṅgakeṣvapi |
4_rellit/saiva/kubjt_pu.txt	12257	m	1	duhitrī tu dvitīyā tu bhaginī tv atha m ucyate |
4_rellit/saiva/kubjt_pu.txt	12299	m	1	sidhyate nātra sandeho yathā bhairava m abravīt ||
4_rellit/saiva/kubjt_pu.txt	1505	r	1	prastārādi r anekaiś ca ye mantrāś coditāḥ priye ||
4_rellit/saiva/kubjt_pu.txt	1553	r	1	rodhas tu ādimadhyānte sampuṭaś cādi r antagaḥ ||
4_rellit/saiva/kubjt_pu.txt	2557	r	1	dvibāhu r ekavadanāṃ candrakoṭisamaprabhām ||
4_rellit/saiva/kubjt_pu.txt	2609	r	1	śikhordhvakuṇḍalākāraṃ kāmaśakti r adhisthitam ||
4_rellit/saiva/kubjt_pu.txt	3589	r	1	sādākhyeśvararudrāṇāṃ brahmaviṣṇu r anukramāt |
4_rellit/saiva/kubjt_pu.txt	5869	r	1	upadeśasamāyuktaṃ sarvadaṃ bhṛgu r āvadhim ||
4_rellit/saiva/kubjt_pu.txt	11919	r	2	tripathastho r aṭen nityaṃ kurute gati r āgatim ||
4_rellit/saiva/kubjt_pu.txt	12157	r	1	nārā ca śakti r uccāraṃ karaṇātmavyavasthitam |
4_rellit/saiva/kubjt_pu.txt	6637	s	1	tanutrāṇakṛtāṭopā mantrādhvā s tu vibhūṣitā ||
4_rellit/saiva/malinivu.txt	1419	l	1	ṛ | r nāsāpuṭe tadvad ḷ | l gaṇḍadvaye tathā
4_rellit/saiva/malinivu.txt	1419	r	1	ṛ | r nāsāpuṭe tadvad ḷ | l gaṇḍadvaye tathā
4_rellit/saiva/svact_pu.txt	13759	h	1	śabdātmakaṃ guṇaṃ h yetat kathitaṃ tava suvrate |
4_rellit/vaisn/hbhvil_u.txt	1501	c	1	kṛte kāryo na c anyūnasaṅkhyākaḥ saṅkhayādhike ||
4_rellit/vaisn/hbhvil_u.txt	17549	n	1	sambhavanti hi tā n | ṇāṃ juṣatāṃ prapunanty agham ||
4_rellit/vaisn/ss5_bhku.txt	10509	n	1	sambhavanti hi tā n | ṇāṃ juṣatāṃ prapunanty agham ||
4_rellit/vaisn/ss6_priu.txt	12137	k	1	mā yāteti vā | tatas tatra gatvā patīn yuṣmatpatitvena k ptāṃ tān api mā
4_rellit/vaisn/vaimp__u.txt	2757	c	1	prajāpatiṃ prathamaṃ yajñiyānām c | a |
4_rellit/vaisn/vaimp__u.txt	8099	v	1	sa tv eva nityaṃ sakalās sva mūrtayas su ratās v anantāḥ
4_rellit/vaisn/vaimp__u.txt	8621	v	1	āśās samastāḥ prataran v antas tās tā vased yā kamalā samastā
5_poetry/1_chandas/kvrtrsuu.txt	939	g	1	g śrīḥ ||
5_poetry/1_chandas/kvrtrsuu.txt	1035	g	1	kumāralalitā jsau g ||
5_poetry/2_kavya/bhattiku.txt	455	n	1	uccikyire puṣpa phalaṃ vanāni | sasnuḥ pit n pipriyurāpagāsu |
5_poetry/2_kavya/bhattiku.txt	2931	n	1	viṣkant n parigheṇā hannaviskantā kapir dviṣaḥ |
5_poetry/2_kavya/bhattiku.txt	5191	n	1	kaḥ preṣyati pit n kāle | kṛtvā kitthaṣyate na kaḥ |
5_poetry/2_kavya/bhattiku.txt	5945	n	1	dātuḥ sthātur dviṣāṃ mūrdhni yaṣṭus tarpayituḥ pit n
5_poetry/2_kavya/bhattiku.txt	6371	s	1	draṣṭāsthas tatra tisro me māt s tuṣṭantarātmanaḥ
5_poetry/2_kavya/kragh_pu.txt	1705	c	1	saṃcārite c āgārusārayonau dhūpe samutsarpati vaijayantīḥ ||
5_poetry/4_narr/brkas_pu.txt	10179	k	1	ekadā k | amcid adrākṣam | āceraṃ nāma vāṇijam |
5_poetry/4_narr/brkas_pu.txt	5093	s	1	tena dhairyaprakarṣeṇa | manaḥ s | amdhṛtya cañcalam |
5_poetry/4_narr/brkas_pu.txt	5639	v	1	vayam eva v | isaṃ pūrvaṃ | pibāmaḥ kalpyatām iti ||
5_poetry/4_narr/brkas_pu.txt	567	ś	1	sakampavacano 'vocan | nīcai | ś cañcalabhīrukaḥ ||
5_poetry/4_narr/brkas_pu.txt	8515	ś	1	upādhyāyai | ś ca sotsāhair | vinītaḥ sa tathā yathā |
5_poetry/4_narr/sokss_pu.txt	22457	d	1	kaliṅgasenāputrīyaṃ yathoktaṃ d aivanirmitā ||
5_poetry/4_narr/sokss_pu.txt	22949	d	1	cintye puruṣakartavye 'py acintyaṃ d aivamabhyadhāt ||
5_poetry/4_narr/sokss_pu.txt	19457	m	1	tato vicitrārthakathāvasānaṃ dṛṣṭveva gantuṃ m ihire pravṛtte |
5_poetry/4_narr/sokss_pu.txt	21397	m	1	mā m aivaṃ kṛṣṇasarpo 'tra vasatītyudito mayā ||
5_poetry/4_narr/sokss_pu.txt	23433	m	1	m aivaṃ prayaccha me bilvaṃ paśyāścaryaṃ kṣaṇād iti ||
5_poetry/4_narr/sokss_pu.txt	28377	m	1	m aivaṃ kārṣīrmṛto nāyaṃ rājaputra tavāgrajaḥ |
5_poetry/4_narr/sokss_pu.txt	57459	v	1	tadannaṃ v ividhaṃ divyaṃ papau śītācchamambu ca ||
5_poetry/5_subhas/msubhs_u.txt	40157	d	1	kālindīkalakūlakānanakṛtakrīḍākalāpollasa d | gogopālakabālakaiḥ pratidiśaṃ sānandamāviṣṭitam |
5_poetry/5_subhas/msubhs_u.txt	10109	n	1	amṛtaṃ durlabhaṃ n ṇāṃ devānāmudakaṃ tathā |
5_poetry/5_subhas/msubhs_u.txt	10233	n	1	amṛtāpyāyināṃ n ṇāṃ saṃtoṣo naiva jāyate |
5_poetry/5_subhas/msubhs_u.txt	12653	n	2	alasānapi n n rakṣen na kṛtaghnān kadācana |
5_poetry/5_subhas/msubhs_u.txt	14385	n	1	yasya vijñānamātreṇa n ṇāṃ prajñā pravardhate ||
5_poetry/5_subhas/msubhs_u.txt	18335	n	1	śarīraṃ lokayātrāṃ vai dharmaṃ svargamṛṣīn pit n ||
5_poetry/5_subhas/msubhs_u.txt	18655	n	1	devān pit n samabhyarcya khādan māṃsaṃ na doṣabhāk ||
5_poetry/5_subhas/msubhs_u.txt	24839	n	1	iha loko hato n ṇāṃ dāridryeṇa yathā nṛpa |
5_poetry/5_subhas/msubhs_u.txt	28727	n	1	sahasraṃ tu pit n mātā gauraveṇātiricyate ||
5_poetry/5_subhas/msubhs_u.txt	29653	n	1	devasenā vinā dāt n aviṣṇuḥ pṛthivīpatiḥ ||
5_poetry/5_subhas/msubhs_u.txt	33997	n	1	putrān smaraṃstā duhit rhṛdasyā bhrāt n svas rvā pitarau ca dīnau |
5_poetry/5_subhas/msubhs_u.txt	37465	n	1	ślāghante raṇasīmni yasya caritaṃ kālāgnikūlaṃkaṣa | jvālodgārikuṭhārakukṣinihitakṣmāpālacakrā n janān ||
5_poetry/5_subhas/msubhs_u.txt	39759	n	1	kāryāṇāṃ gatayo bhujaṃgakuṭilāḥ strīṇāṃ manaścañcalaṃ naiśvaryaṃ sthitimattaraṃgacapalaṃ n ṇāṃ vayo dhāvati |
5_poetry/5_subhas/msubhs_u.txt	40231	n	1	śumbhādānaniśumbhā | svādanatoṣāvatu tvāṃ n pate ||
6_sastra/3_phil/buddh/nrat_1_u.txt	279	c	1	ādimadhyāvasānāni c intyāni kṣaṇavat punaḥ |
6_sastra/3_phil/buddh/nrat_1_u.txt	7	n	1	dharmam ekāntakalyāṇaṃ rāja n dha rmodayāya te |
6_sastra/3_phil/buddh/nrat_1_u.txt	15	s	1	sukham abhyudaya s tatra mokṣo naiḥśreyaso mataḥ |
6_sastra/3_phil/buddh/pramanvu.txt	937	h	1	na h yekāntena tad duḥkhaṃ bhūyasā saviṣānnavat ||
6_sastra/3_phil/buddh/pramanvu.txt	2005	h	1	jñānasyābhedinau bhinnau pratibhāso h yupaplavaḥ ||
6_sastra/3_phil/buddh/pramanvu.txt	2673	h	1	ekākārottaraṃ jñānaṃ tathā h yuktaramuktaram ||
6_sastra/3_phil/buddh/pramanvu.txt	4151	h	1	vastveva cityate h yatra pratibaddhaḥ phalodayaḥ |
6_sastra/3_phil/buddh/pramanvu.txt	2455	s	1	ātmā sa tasyānubhavaḥ s ca nānyasya kasyacit |
6_sastra/3_phil/buddh/vakobhau.txt	28171	m	1	anuśāsanaṃ pratihāryamagcya m |
6_sastra/3_phil/samkhya/isvskaru.txt	71	c	1	puruṣabahutvaṃ siddhaṃ c aiva |
6_sastra/3_phil/samkhya/isvskaru.txt	95	c	1	ekādaśakaś ca gaṇas tanmātraḥ pañcakaś c aiva |
6_sastra/3_phil/samkhya/isvskaru.txt	109	c	1	saṃkalpakam atra manaḥ | tac c endriyam ubhayathā samākhyātam
6_sastra/3_phil/samkhya/isvskaru.txt	213	c	1	mānuṣyaś c samāsato bhautikaḥ sargaḥ |
6_sastra/3_phil/samkhya/isvskaru.txt	283	c	1	gatam iiśvarakṛṣṇena c aitad āryābhiḥ
6_sastra/3_phil/samkhya/isvskaru.txt	3	n	1	dṛṣṭe sā pārthā cen n aikāntātyantato | abhāvāt |
6_sastra/3_phil/samkhya/isvskaru.txt	115	s	1	svālakṣaṇyaṃ vṛttis trayasya s aiṣā bhavaty asāmānyā
6_sastra/3_phil/samkhya/isvskaru.txt	149	s	1	s aiva ca viśinaṣṭi punaḥ pradhānapuruṣāntaraṃ sūkṣmam |
6_sastra/3_phil/samkhya/isvskaru.txt	253	s	1	s aiva ca puruṣārtham prati vimocayaty ekarūpeṇa |
6_sastra/4_dharma/smrti/brhasppu.txt	3635	t	1	taḍāgāny udapānāni || t prasravaṇāni ca |
6_sastra/4_dharma/smrti/brhasppu.txt	3629	ś	1	śālmalīśālatā ḍāṃ | lāṃ ś ca kṣīriṇaś caiva pādapān ||
6_sastra/4_dharma/smrti/manu2p_u.txt	7385	m	1	śayyāsanam alaṅkāraṃ kāmaṃ krodham anārjavam m | anāryatām |
6_sastra/5_artha/kautil_u.txt	9897	t	1	yat prāya | sainyo yatra vā vinītaḥ syāt t adhirohayet ||
6_sastra/6_kama/kamasutu.txt	1835	j	1	|| kubjaka āmalaka mallikā jātī kuraṇṭaka navamālikā tagara nandyāvarta j apā gulmān anyāṃś ca bahu puṣpān bālaka uśīraka pātālikāṃś ca vṛkṣa vāṭikāyāṃ ca sthaṇḍilāni manojñāni kārayet ||
6_sastra/6_kama/kamasutu.txt	451	s	1	|| rajaka nāpita mālākāra gāndhika saurika bhikṣuka gopālaka tāmbūlika s auvarṇika pīṭhamarda viṭa vidūṣakādayo mitrāṇi | tad yoṣin mitrāś ca nāgarakāḥ syur iti vātsyāyanaḥ ||
