file	token	count
1_veda/2_bra/gopbra_u.txt	ā	35
1_veda/2_bra/kausibru.txt	ā	68
1_veda/2_bra/pncvbr1u.txt	ā	28
1_veda/2_bra/pncvbr2u.txt	ā	28
1_veda/2_bra/satapath/sb_01_u.txt	ā	13
1_veda/2_bra/satapath/sb_02_u.txt	ā	3
1_veda/2_bra/satapath/sb_03_u.txt	ā	7
1_veda/2_bra/satapath/sb_04_u.txt	ā	7
1_veda/2_bra/satapath/sb_05_u.txt	ā	2
1_veda/2_bra/satapath/sb_06_u.txt	ā	9
1_veda/2_bra/satapath/sb_07_u.txt	ā	1
1_veda/2_bra/satapath/sb_08_u.txt	ā	2
1_veda/2_bra/satapath/sb_09_u.txt	ā	5
1_veda/2_bra/satapath/sb_10_u.txt	ā	2
1_veda/2_bra/satapath/sb_11_u.txt	ā	4
1_veda/2_bra/satapath/sb_13_u.txt	ā	7
1_veda/2_bra/satapath/sb_14_u.txt	ā	5
1_veda/3_ara/sankharu.txt	ā	12
1_veda/4_upa/brup___u.txt	ā	7
1_veda/4_upa/chup___u.txt	ā	13
1_veda/4_upa/svetu_pu.txt	ā	1
1_veda/5_vedang/1_srauta/asvss_u.txt	ā	166
1_veda/5_vedang/1_srauta/sankhssu.txt	ā	253
1_veda/5_vedang/1_srauta/vaitss_u.txt	ā	45
1_veda/5_vedang/2_grhya/asvgs_u.txt	ā	23
1_veda/5_vedang/2_grhya/jaimigsu.txt	ā	3
1_veda/5_vedang/2_grhya/kaussu_u.txt	ā	104
1_veda/5_vedang/2_grhya/kauthgsu.txt	ā	2
1_veda/5_vedang/2_grhya/manavgsu.txt	ā	2
1_veda/5_vedang/2_grhya/sankhgsu.txt	ā	49
1_veda/5_vedang/2_grhya/vargs_u.txt	ā	3
1_veda/5_vedang/2_paris/avpari_u.txt	ā	55
1_veda/5_vedang/2_paris/avpray_u.txt	ā	13
1_veda/5_vedang/3_pratis/rgvidh_u.txt	ā	5
2_epic/mbh/ext/hv_apppu.txt	ā	2
2_epic/mbh/ext/hv_conpu.txt	ā	6
2_epic/mbh/mbh_01_u.txt	ā	5
2_epic/mbh/mbh_02_u.txt	ā	3
2_epic/mbh/mbh_03_u.txt	ā	5
2_epic/mbh/mbh_04_u.txt	ā	2
2_epic/mbh/mbh_05_u.txt	ā	4
2_epic/mbh/mbh_06_u.txt	ā	1
2_epic/mbh/mbh_07_u.txt	ā	2
2_epic/mbh/mbh_08_u.txt	ā	8
2_epic/mbh/mbh_09_u.txt	ā	2
2_epic/mbh/mbh_10_u.txt	ā	1
2_epic/mbh/mbh_12_u.txt	ā	4
2_epic/mbh/mbh_13_u.txt	ā	11
2_epic/mbh/mbh_14_u.txt	ā	11
2_epic/ramayana/ram_02_u.txt	ā	1
2_epic/ramayana/ram_06_u.txt	ā	1
3_purana/agp_bi_u.txt	ā	22
3_purana/bhagp/bhp_05u.txt	ā	1
3_purana/bhagp/bhp_10u.txt	ā	9
3_purana/bhagp/bhp_11u.txt	ā	8
3_purana/bhagp/bhp_12u.txt	ā	2
3_purana/brahmap/brahmppu.txt	ā	5
3_purana/brndp2_u.txt	ā	1
3_purana/garup1_u.txt	ā	5
3_purana/garup2_u.txt	ā	4
3_purana/lip_1_pu.txt	ā	17
3_purana/lip_2__u.txt	ā	1
3_purana/mtp176pu.txt	ā	6
3_purana/nardp1_u.txt	ā	2
3_purana/skp031pu.txt	ā	1
3_purana/vd2127_u.txt	ā	1
4_rellit/buddh/asmahsuu.txt	ā	4
4_rellit/buddh/divyav_u.txt	ā	2
4_rellit/buddh/vinsutru.txt	ā	4
4_rellit/buddh/vinv_06u.txt	ā	3
4_rellit/saiva/kubjt_pu.txt	ā	15
4_rellit/saiva/malinivu.txt	ā	3
4_rellit/saiva/parakspu.txt	ā	1
4_rellit/vaisn/astavgpu.txt	ā	2
4_rellit/vaisn/ss2_bhgu.txt	ā	3
4_rellit/vaisn/ss4_krsu.txt	ā	4
4_rellit/vaisn/ss5_bhku.txt	ā	2
4_rellit/vaisn/ss6_priu.txt	ā	1
4_rellit/vaisn/vaimp__u.txt	ā	101
5_poetry/1_natya/bharnatu.txt	ā	2
5_poetry/2_kavya/akadambu.txt	ā	1
5_poetry/2_kavya/asvbuc2u.txt	ā	1
5_poetry/2_kavya/bhakirpu.txt	ā	3
5_poetry/2_kavya/bhattiku.txt	ā	5
5_poetry/2_kavya/kakumspu.txt	ā	4
5_poetry/2_kavya/kmeghdpu.txt	ā	1
5_poetry/2_kavya/kragh_pu.txt	ā	10
5_poetry/2_kavya/padnscpu.txt	ā	6
5_poetry/4_narr/brkas_pu.txt	ā	2
5_poetry/4_narr/sokss_pu.txt	ā	26
5_poetry/5_subhas/bharst_u.txt	ā	1
5_poetry/5_subhas/msubhs_u.txt	ā	62
5_poetry/5_subhas/valsubhu.txt	ā	5
5_poetry/5_subhas/vidsrgpu.txt	ā	4
5_poetry/6_hist/jonart_pu.txt	ā	3
6_sastra/3_phil/buddh/nagmmk_u.txt	ā	1
6_sastra/3_phil/buddh/pramanvu.txt	ā	2
6_sastra/3_phil/buddh/vakobhau.txt	ā	3
6_sastra/3_phil/saiva/tantralu.txt	ā	7
6_sastra/3_phil/yoga/patyog_u.txt	ā	1
6_sastra/4_dharma/smrti/angirspu.txt	ā	2
6_sastra/4_dharma/smrti/brhasppu.txt	ā	1
6_sastra/4_dharma/smrti/katy2p_u.txt	ā	1
6_sastra/4_dharma/smrti/manu2p_u.txt	ā	17
6_sastra/4_dharma/smrti/nars2_pu.txt	ā	11
6_sastra/4_dharma/smrti/pars2_pu.txt	ā	4
6_sastra/4_dharma/smrti/visnu_pu.txt	ā	6
6_sastra/4_dharma/sutra/baudhd_u.txt	ā	39
6_sastra/4_dharma/sutra/gautdh_u.txt	ā	4
6_sastra/4_dharma/sutra/vasist_u.txt	ā	13
6_sastra/5_artha/kautil_u.txt	ā	51
6_sastra/6_kama/kamasutu.txt	ā	6
6_sastra/7_ayur/anandk_u.txt	ā	13
6_sastra/7_ayur/caraka_u.txt	ā	2
6_sastra/7_ayur/vagaah_u.txt	ā	64
6_sastra/8_jyot/brhajj_u.txt	ā	1
6_sastra/8_jyot/brhats_u.txt	ā	7
1_veda/2_bra/gopbra_u.txt	a	2
1_veda/2_bra/kausibru.txt	a	1
1_veda/2_bra/pncvbr1u.txt	a	2
1_veda/2_bra/pncvbr2u.txt	a	2
1_veda/2_bra/satapath/sb_01_u.txt	a	2
1_veda/2_bra/satapath/sb_03_u.txt	a	1
1_veda/2_bra/satapath/sb_09_u.txt	a	1
1_veda/4_upa/chup___u.txt	a	1
1_veda/5_vedang/1_srauta/sankhssu.txt	a	2
1_veda/5_vedang/2_grhya/kaussu_u.txt	a	4
1_veda/5_vedang/2_paris/avpari_u.txt	a	3
2_epic/mbh/ext/hv_conpu.txt	a	1
2_epic/mbh/mbh_01_u.txt	a	2
2_epic/mbh/mbh_03_u.txt	a	2
2_epic/ramayana/ram_03_u.txt	a	1
2_epic/ramayana/ram_05_u.txt	a	1
2_epic/ramayana/ram_06_u.txt	a	1
2_epic/ramayana/ram_07_u.txt	a	1
3_purana/agp_bi_u.txt	a	13
3_purana/bhagp/bhp_03u.txt	a	1
3_purana/bhagp/bhp_05u.txt	a	1
3_purana/bhagp/bhp_10u.txt	a	1
3_purana/bhagp/bhp_11u.txt	a	1
3_purana/bhagp/bhp_12u.txt	a	1
3_purana/garup1_u.txt	a	2
3_purana/nardp1_u.txt	a	2
3_purana/sivap7_u.txt	a	1
4_rellit/buddh/avsata_u.txt	a	1
4_rellit/buddh/bhivin_u.txt	a	1
4_rellit/buddh/divyav_u.txt	a	1
4_rellit/buddh/vinsutru.txt	a	17
4_rellit/buddh/vinv01_u.txt	a	1
4_rellit/buddh/vinv171u.txt	a	3
4_rellit/buddh/vinv172u.txt	a	2
4_rellit/buddh/vinv_06u.txt	a	1
4_rellit/saiva/kubjt_pu.txt	a	20
4_rellit/saiva/malinivu.txt	a	2
4_rellit/saiva/sivsutru.txt	a	1
4_rellit/saiva/svact_pu.txt	a	2
4_rellit/vaisn/ss1_tatu.txt	a	1
4_rellit/vaisn/ss3_paru.txt	a	1
4_rellit/vaisn/vaimp__u.txt	a	1
5_poetry/1_natya/bharnatu.txt	a	4
5_poetry/2_kavya/bhattiku.txt	a	62
5_poetry/2_kavya/padnscpu.txt	a	9
5_poetry/4_narr/sokss_pu.txt	a	3
5_poetry/5_subhas/msubhs_u.txt	a	8
6_sastra/3_phil/buddh/vakobhau.txt	a	1
6_sastra/3_phil/mimamsa/jaimsutu.txt	a	1
6_sastra/3_phil/saiva/parmartu.txt	a	2
6_sastra/3_phil/saiva/tantralu.txt	a	1
6_sastra/4_dharma/sutra/baudhd_u.txt	a	3
6_sastra/4_dharma/sutra/gautdh_u.txt	a	10
6_sastra/4_dharma/sutra/vasist_u.txt	a	101
6_sastra/5_artha/kautil_u.txt	a	2
6_sastra/6_kama/kamasutu.txt	a	74
6_sastra/7_ayur/vagaah_u.txt	a	888
6_sastra/8_jyot/brhats_u.txt	a	5
1_veda/2_bra/gopbra_u.txt	u	73
1_veda/2_bra/kausibru.txt	u	180
1_veda/2_bra/pncvbr1u.txt	u	48
1_veda/2_bra/pncvbr2u.txt	u	48
1_veda/2_bra/satapath/sb_01_u.txt	u	33
1_veda/2_bra/satapath/sb_02_u.txt	u	17
1_veda/2_bra/satapath/sb_03_u.txt	u	18
1_veda/2_bra/satapath/sb_04_u.txt	u	9
1_veda/2_bra/satapath/sb_05_u.txt	u	8
1_veda/2_bra/satapath/sb_06_u.txt	u	12
1_veda/2_bra/satapath/sb_07_u.txt	u	23
1_veda/2_bra/satapath/sb_08_u.txt	u	40
1_veda/2_bra/satapath/sb_09_u.txt	u	24
1_veda/2_bra/satapath/sb_10_u.txt	u	25
1_veda/2_bra/satapath/sb_11_u.txt	u	11
1_veda/2_bra/satapath/sb_13_u.txt	u	12
1_veda/2_bra/satapath/sb_14_u.txt	u	36
1_veda/3_ara/sankharu.txt	u	27
1_veda/4_upa/brup___u.txt	u	33
1_veda/4_upa/chup___u.txt	u	30
1_veda/4_upa/isup___u.txt	u	2
1_veda/4_upa/kathop_u.txt	u	7
1_veda/4_upa/prasup_u.txt	u	1
1_veda/4_upa/svetu_pu.txt	u	2
1_veda/5_vedang/1_srauta/apsulb_u.txt	u	1
1_veda/5_vedang/1_srauta/asvss_u.txt	u	58
1_veda/5_vedang/1_srauta/sankhssu.txt	u	93
1_veda/5_vedang/1_srauta/vaitss_u.txt	u	20
1_veda/5_vedang/2_grhya/asvgs_u.txt	u	4
1_veda/5_vedang/2_grhya/jaimigsu.txt	u	1
1_veda/5_vedang/2_grhya/kaussu_u.txt	u	8
1_veda/5_vedang/2_grhya/kauthgsu.txt	u	1
1_veda/5_vedang/2_grhya/sankhgsu.txt	u	3
1_veda/5_vedang/2_grhya/vargs_u.txt	u	1
1_veda/5_vedang/2_paris/avpari_u.txt	u	2
1_veda/5_vedang/2_paris/avpray_u.txt	u	2
1_veda/5_vedang/3_pratis/rgvidh_u.txt	u	2
2_epic/mbh/ext/hv_apppu.txt	u	5
2_epic/mbh/ext/hv_conpu.txt	u	3
2_epic/mbh/mbh_01_u.txt	u	7
2_epic/mbh/mbh_02_u.txt	u	1
2_epic/mbh/mbh_05_u.txt	u	4
2_epic/mbh/mbh_06_u.txt	u	11
2_epic/mbh/mbh_07_u.txt	u	9
2_epic/mbh/mbh_08_u.txt	u	9
2_epic/mbh/mbh_09_u.txt	u	3
2_epic/mbh/mbh_12_u.txt	u	4
2_epic/mbh/mbh_13_u.txt	u	3
2_epic/mbh/mbh_14_u.txt	u	2
2_epic/mbh/mbh_15_u.txt	u	1
2_epic/mbh/mbh_16_u.txt	u	1
2_epic/ramayana/ram_01_u.txt	u	1
3_purana/agp_bi_u.txt	u	13
3_purana/bhagp/bhp_01u.txt	u	1
3_purana/bhagp/bhp_02u.txt	u	1
3_purana/bhagp/bhp_03u.txt	u	3
3_purana/bhagp/bhp_05u.txt	u	19
3_purana/bhagp/bhp_10u.txt	u	10
3_purana/bhagp/bhp_11u.txt	u	2
3_purana/bhagp/bhp_12u.txt	u	5
3_purana/brahmap/brahmppu.txt	u	4
3_purana/garup1_u.txt	u	1
3_purana/garup3_u.txt	u	1
3_purana/lip_2__u.txt	u	1
3_purana/mtp176pu.txt	u	4
3_purana/nardp1_u.txt	u	2
3_purana/sivap7_u.txt	u	1
3_purana/vipce_pu.txt	u	4
4_rellit/buddh/bhivin_u.txt	u	1
4_rellit/buddh/udanav_u.txt	u	1
4_rellit/buddh/vinsutru.txt	u	5
4_rellit/buddh/vinv_06u.txt	u	1
4_rellit/saiva/kubjt_pu.txt	u	13
4_rellit/saiva/malinivu.txt	u	1
4_rellit/saiva/sivsutru.txt	u	1
4_rellit/saiva/svact_pu.txt	u	1
4_rellit/vaisn/hbhvil_u.txt	u	17
4_rellit/vaisn/ss2_bhgu.txt	u	5
4_rellit/vaisn/ss3_paru.txt	u	3
4_rellit/vaisn/ss4_krsu.txt	u	5
4_rellit/vaisn/ss5_bhku.txt	u	6
4_rellit/vaisn/ss6_priu.txt	u	3
4_rellit/vaisn/vaimp__u.txt	u	15
5_poetry/1_natya/bharnatu.txt	u	2
5_poetry/2_kavya/bhakirpu.txt	u	4
5_poetry/2_kavya/jaygit2u.txt	u	1
5_poetry/2_kavya/kakumspu.txt	u	1
5_poetry/2_kavya/padnscpu.txt	u	8
5_poetry/4_narr/brkas_pu.txt	u	1
5_poetry/4_narr/hitop_u.txt	u	1
5_poetry/5_subhas/bharst_u.txt	u	4
5_poetry/5_subhas/msubhs_u.txt	u	1
5_poetry/5_subhas/vidsrgpu.txt	u	15
5_poetry/6_hist/jonart_pu.txt	u	1
6_sastra/4_dharma/smrti/angirspu.txt	u	2
6_sastra/4_dharma/sutra/baudhd_u.txt	u	9
6_sastra/4_dharma/sutra/vasist_u.txt	u	1
6_sastra/7_ayur/vagaah_u.txt	u	3
1_veda/2_bra/satapath/sb_09_u.txt	e	1
1_veda/5_vedang/1_srauta/sankhssu.txt	e	1
1_veda/5_vedang/2_grhya/kaussu_u.txt	e	4
1_veda/5_vedang/2_grhya/sankhgsu.txt	e	1
1_veda/5_vedang/3_pratis/rgvidh_u.txt	e	3
3_purana/agp_bi_u.txt	e	388
3_purana/brndp1_u.txt	e	1
3_purana/garup1_u.txt	e	1
3_purana/garup3_u.txt	e	1
3_purana/lip_2__u.txt	e	1
3_purana/nardp1_u.txt	e	1
3_purana/vamp__u.txt	e	1
4_rellit/buddh/divyav_u.txt	e	1
4_rellit/buddh/vinsutru.txt	e	1
4_rellit/buddh/vinv_06u.txt	e	1
4_rellit/saiva/kubjt_pu.txt	e	16
4_rellit/saiva/malinivu.txt	e	1
5_poetry/1_natya/bharnatu.txt	e	2
5_poetry/2_kavya/jaygit2u.txt	e	9
5_poetry/4_narr/sokss_pu.txt	e	3
5_poetry/5_subhas/msubhs_u.txt	e	1
6_sastra/3_phil/buddh/nagvigvu.txt	e	2
6_sastra/3_phil/saiva/tantralu.txt	e	1
6_sastra/4_dharma/smrti/brhasppu.txt	e	1
6_sastra/5_artha/kautil_u.txt	e	148
6_sastra/6_kama/kamasutu.txt	e	1
6_sastra/8_jyot/brhajj_u.txt	e	1
1_veda/4_upa/chup___u.txt	m	2
1_veda/5_vedang/1_srauta/vaitss_u.txt	m	9
1_veda/5_vedang/2_grhya/kaussu_u.txt	m	7
1_veda/5_vedang/2_paris/avpari_u.txt	m	1
1_veda/5_vedang/3_pratis/rgvidh_u.txt	m	1
2_epic/mbh/mbh_02_u.txt	m	1
2_epic/mbh/mbh_07_u.txt	m	2
2_epic/mbh/mbh_08_u.txt	m	1
2_epic/mbh/mbh_09_u.txt	m	1
2_epic/mbh/mbh_12_u.txt	m	1
3_purana/garup1_u.txt	m	2
3_purana/narsippu.txt	m	1
4_rellit/buddh/mhvastuu.txt	m	14
4_rellit/buddh/vinsutru.txt	m	6
4_rellit/buddh/vinv08_u.txt	m	1
4_rellit/buddh/vinv_06u.txt	m	1
4_rellit/saiva/kubjt_pu.txt	m	66
5_poetry/4_narr/sokss_pu.txt	m	4
6_sastra/3_phil/buddh/vakobhau.txt	m	1
6_sastra/4_dharma/smrti/manu2p_u.txt	m	1
1_veda/2_bra/gopbra_u.txt	ū	5
1_veda/2_bra/kausibru.txt	ū	6
1_veda/2_bra/pncvbr1u.txt	ū	1
1_veda/2_bra/pncvbr2u.txt	ū	1
1_veda/2_bra/satapath/sb_06_u.txt	ū	1
1_veda/2_bra/satapath/sb_14_u.txt	ū	1
1_veda/5_vedang/1_srauta/asvss_u.txt	ū	18
1_veda/5_vedang/1_srauta/sankhssu.txt	ū	16
1_veda/5_vedang/1_srauta/vaitss_u.txt	ū	2
1_veda/5_vedang/2_grhya/kaussu_u.txt	ū	5
1_veda/5_vedang/2_paris/avpari_u.txt	ū	3
1_veda/5_vedang/2_paris/avpray_u.txt	ū	3
3_purana/agp_bi_u.txt	ū	2
3_purana/garup1_u.txt	ū	3
3_purana/lip_2__u.txt	ū	1
4_rellit/buddh/vinsutru.txt	ū	2
4_rellit/saiva/kubjt_pu.txt	ū	13
4_rellit/saiva/malinivu.txt	ū	1
4_rellit/saiva/parakspu.txt	ū	1
4_rellit/saiva/vinst_pu.txt	ū	1
5_poetry/1_natya/bharnatu.txt	ū	1
6_sastra/7_ayur/vagaah_u.txt	ū	9
1_veda/2_bra/gopbra_u.txt	o	2
1_veda/2_bra/satapath/sb_01_u.txt	o	2
1_veda/2_bra/satapath/sb_14_u.txt	o	1
1_veda/5_vedang/1_srauta/asvss_u.txt	o	4
1_veda/5_vedang/1_srauta/sankhssu.txt	o	3
1_veda/5_vedang/1_srauta/vaitss_u.txt	o	28
1_veda/5_vedang/2_grhya/kaussu_u.txt	o	2
1_veda/5_vedang/2_paris/avpari_u.txt	o	1
1_veda/5_vedang/3_pratis/rgvidh_u.txt	o	1
3_purana/agp_bi_u.txt	o	6
3_purana/garup1_u.txt	o	1
4_rellit/buddh/avsata_u.txt	o	1
4_rellit/buddh/divyav_u.txt	o	1
4_rellit/buddh/mhvastuu.txt	o	1
4_rellit/buddh/vinv_06u.txt	o	1
4_rellit/saiva/kubjt_pu.txt	o	22
4_rellit/vaisn/ss2_bhgu.txt	o	2
4_rellit/vaisn/ss4_krsu.txt	o	2
4_rellit/vaisn/ss5_bhku.txt	o	2
4_rellit/vaisn/ss6_priu.txt	o	2
5_poetry/1_natya/bharnatu.txt	o	2
5_poetry/4_narr/hitop_u.txt	o	1
5_poetry/4_narr/sokss_pu.txt	o	3
6_sastra/6_kama/kamasutu.txt	o	1
6_sastra/8_jyot/brhats_u.txt	o	1
1_veda/5_vedang/2_paris/avpari_u.txt	ḥ	10
1_veda/5_vedang/3_pratis/rgvidh_u.txt	ḥ	5
3_purana/bhagp/bhp_03u.txt	ḥ	1
3_purana/vipce_pu.txt	ḥ	2
4_rellit/buddh/bhivin_u.txt	ḥ	5
4_rellit/buddh/srabhu_u.txt	ḥ	1
4_rellit/buddh/vimkn_u.txt	ḥ	18
4_rellit/buddh/vinsutru.txt	ḥ	11
4_rellit/buddh/vinv15_u.txt	ḥ	4
4_rellit/buddh/vinv16_u.txt	ḥ	11
4_rellit/buddh/vinv171u.txt	ḥ	1
4_rellit/buddh/vinv_06u.txt	ḥ	2
5_poetry/5_subhas/msubhs_u.txt	ḥ	6
1_veda/2_bra/gopbra_u.txt	v	16
1_veda/2_bra/kausibru.txt	v	20
1_veda/2_bra/pncvbr1u.txt	v	4
1_veda/2_bra/pncvbr2u.txt	v	4
1_veda/2_bra/satapath/sb_07_u.txt	v	1
1_veda/2_bra/satapath/sb_08_u.txt	v	1
1_veda/4_upa/brup___u.txt	v	3
1_veda/4_upa/chup___u.txt	v	2
1_veda/4_upa/isup___u.txt	v	1
1_veda/5_vedang/1_srauta/asvss_u.txt	v	2
1_veda/5_vedang/1_srauta/sankhssu.txt	v	4
4_rellit/buddh/udanav_u.txt	v	1
4_rellit/buddh/vinsutru.txt	v	1
4_rellit/vaisn/vaimp__u.txt	v	2
5_poetry/4_narr/brkas_pu.txt	v	1
5_poetry/4_narr/sokss_pu.txt	v	1
1_veda/2_bra/satapath/sb_04_u.txt	i	1
1_veda/2_bra/satapath/sb_08_u.txt	i	1
1_veda/5_vedang/1_srauta/sankhssu.txt	i	2
3_purana/agp_bi_u.txt	i	6
3_purana/garup1_u.txt	i	1
4_rellit/buddh/srabhu_u.txt	i	5
4_rellit/buddh/vimkn_u.txt	i	1
4_rellit/buddh/vinv01_u.txt	i	2
4_rellit/buddh/vinv08_u.txt	i	1
4_rellit/buddh/vinv_06u.txt	i	3
4_rellit/saiva/kubjt_pu.txt	i	10
4_rellit/saiva/malinivu.txt	i	1
4_rellit/saiva/sivsutru.txt	i	1
4_rellit/vaisn/hbhvil_u.txt	i	1
4_rellit/vaisn/ss2_bhgu.txt	i	1
4_rellit/vaisn/ss3_paru.txt	i	1
4_rellit/vaisn/vaimp__u.txt	i	1
5_poetry/1_natya/bharnatu.txt	i	2
5_poetry/2_kavya/padnscpu.txt	i	1
5_poetry/4_narr/hitop_u.txt	i	1
1_veda/5_vedang/2_grhya/vargs_u.txt	n	1
2_epic/mbh/mbh_12_u.txt	n	1
3_purana/bhagp/bhp_03u.txt	n	3
3_purana/bhagp/bhp_04u.txt	n	1
3_purana/bhagp/bhp_09u.txt	n	4
4_rellit/buddh/asmahsuu.txt	n	1
4_rellit/buddh/udanav_u.txt	n	1
4_rellit/buddh/vinsutru.txt	n	4
4_rellit/vaisn/hbhvil_u.txt	n	1
4_rellit/vaisn/ss5_bhku.txt	n	1
5_poetry/2_kavya/bhattiku.txt	n	4
5_poetry/5_subhas/msubhs_u.txt	n	14
6_sastra/3_phil/buddh/nrat_1_u.txt	n	1
6_sastra/3_phil/samkhya/isvskaru.txt	n	1
1_veda/5_vedang/1_srauta/asvss_u.txt	ī	1
1_veda/5_vedang/2_paris/avpray_u.txt	ī	1
3_purana/agp_bi_u.txt	ī	2
3_purana/garup1_u.txt	ī	2
3_purana/lip_2__u.txt	ī	1
4_rellit/buddh/vinv_06u.txt	ī	1
4_rellit/saiva/kubjt_pu.txt	ī	13
4_rellit/saiva/malinivu.txt	ī	2
4_rellit/saiva/parakspu.txt	ī	8
4_rellit/saiva/vinst_pu.txt	ī	1
5_poetry/1_natya/bharnatu.txt	ī	1
6_sastra/3_phil/saiva/tantralu.txt	ī	1
6_sastra/8_jyot/brhats_u.txt	ī	1
1_veda/2_bra/satapath/sb_01_u.txt	r	1
1_veda/5_vedang/2_grhya/sankhgsu.txt	r	1
1_veda/5_vedang/2_paris/avpari_u.txt	r	1
1_veda/5_vedang/2_paris/avpray_u.txt	r	1
3_purana/bhagp/bhp_05u.txt	r	1
4_rellit/buddh/mhvastuu.txt	r	8
4_rellit/buddh/vinsutru.txt	r	5
4_rellit/buddh/vinv11_u.txt	r	6
4_rellit/saiva/kubjt_pu.txt	r	9
4_rellit/saiva/malinivu.txt	r	1
3_purana/agp_bi_u.txt	ḷ	5
3_purana/lip_1_pu.txt	ḷ	1
4_rellit/buddh/bhivin_u.txt	ḷ	4
4_rellit/saiva/kubjt_pu.txt	ḷ	10
4_rellit/saiva/malinivu.txt	ḷ	1
4_rellit/saiva/sivsutru.txt	ḷ	1
5_poetry/1_natya/bharnatu.txt	ḷ	2
6_sastra/3_phil/saiva/tantralu.txt	ḷ	1
3_purana/agp_bi_u.txt	ṛ	6
4_rellit/buddh/divyav_u.txt	ṛ	1
4_rellit/saiva/kubjt_pu.txt	ṛ	12
4_rellit/saiva/malinivu.txt	ṛ	2
4_rellit/saiva/sivsutru.txt	ṛ	1
5_poetry/1_natya/bharnatu.txt	ṛ	2
6_sastra/3_phil/saiva/tantralu.txt	ṛ	1
1_veda/2_bra/satapath/sb_07_u.txt	t	1
1_veda/2_bra/satapath/sb_13_u.txt	t	2
1_veda/2_bra/satapath/sb_14_u.txt	t	4
1_veda/5_vedang/1_srauta/asvss_u.txt	t	1
1_veda/5_vedang/2_paris/avpari_u.txt	t	2
3_purana/garup1_u.txt	t	2
3_purana/garup2_u.txt	t	1
4_rellit/buddh/asmahsuu.txt	t	1
4_rellit/buddh/vinsutru.txt	t	2
6_sastra/4_dharma/smrti/brhasppu.txt	t	1
6_sastra/5_artha/kautil_u.txt	t	1
3_purana/agp_bi_u.txt	ḹ	4
3_purana/lip_1_pu.txt	ḹ	1
4_rellit/saiva/kubjt_pu.txt	ḹ	11
4_rellit/saiva/parakspu.txt	ḹ	1
5_poetry/1_natya/bharnatu.txt	ḹ	1
1_veda/2_bra/kausibru.txt	c	1
1_veda/5_vedang/2_paris/avpari_u.txt	c	1
3_purana/agp_bi_u.txt	c	1
4_rellit/buddh/mhvastuu.txt	c	3
4_rellit/buddh/vinsutru.txt	c	1
4_rellit/vaisn/hbhvil_u.txt	c	1
4_rellit/vaisn/vaimp__u.txt	c	1
5_poetry/2_kavya/kragh_pu.txt	c	1
6_sastra/3_phil/buddh/nrat_1_u.txt	c	1
6_sastra/3_phil/samkhya/isvskaru.txt	c	5
1_veda/2_bra/satapath/sb_08_u.txt	s	1
1_veda/2_bra/satapath/sb_13_u.txt	s	2
1_veda/5_vedang/1_srauta/sankhssu.txt	s	1
2_epic/mbh/ext/hv_apppu.txt	s	1
4_rellit/buddh/vinsutru.txt	s	1
4_rellit/saiva/kubjt_pu.txt	s	1
5_poetry/2_kavya/bhattiku.txt	s	1
5_poetry/4_narr/brkas_pu.txt	s	1
6_sastra/3_phil/buddh/nrat_1_u.txt	s	1
6_sastra/3_phil/buddh/pramanvu.txt	s	1
6_sastra/3_phil/samkhya/isvskaru.txt	s	3
6_sastra/6_kama/kamasutu.txt	s	1
1_veda/2_bra/satapath/sb_03_u.txt	ṃ	1
1_veda/2_bra/satapath/sb_05_u.txt	ṃ	1
1_veda/2_bra/satapath/sb_13_u.txt	ṃ	1
1_veda/5_vedang/2_paris/avpari_u.txt	ṃ	4
2_epic/mbh/mbh_14_u.txt	ṃ	1
3_purana/agp_bi_u.txt	ṃ	1
4_rellit/buddh/mhvastuu.txt	ṃ	1
4_rellit/buddh/vinsutru.txt	ṃ	1
4_rellit/buddh/vinv_06u.txt	ṃ	3
3_purana/agp_bi_u.txt	ṝ	1
4_rellit/saiva/kubjt_pu.txt	ṝ	10
4_rellit/saiva/parakspu.txt	ṝ	1
5_poetry/1_natya/bharnatu.txt	ṝ	1
6_sastra/3_phil/saiva/tantralu.txt	ṝ	1
1_veda/5_vedang/3_pratis/rgvidh_u.txt	h	1
4_rellit/buddh/mhvastuu.txt	h	4
4_rellit/saiva/svact_pu.txt	h	1
6_sastra/3_phil/buddh/pramanvu.txt	h	4
1_veda/5_vedang/1_srauta/asvss_u.txt	d	1
4_rellit/buddh/vinsutru.txt	d	2
4_rellit/saiva/kubjt_pu.txt	d	2
5_poetry/4_narr/sokss_pu.txt	d	2
5_poetry/5_subhas/msubhs_u.txt	d	1
1_veda/5_vedang/2_paris/avpray_u.txt	k	3
4_rellit/buddh/mhvastuu.txt	k	1
4_rellit/vaisn/ss6_priu.txt	k	1
5_poetry/4_narr/brkas_pu.txt	k	1
1_veda/5_vedang/2_paris/avpari_u.txt	ś	2
1_veda/5_vedang/2_paris/avpray_u.txt	ś	1
5_poetry/4_narr/brkas_pu.txt	ś	2
6_sastra/4_dharma/smrti/brhasppu.txt	ś	1
4_rellit/saiva/kubjt_pu.txt	l	1
4_rellit/saiva/malinivu.txt	l	1
1_veda/2_bra/satapath/sb_13_u.txt	y	1
1_veda/5_vedang/2_paris/avpari_u.txt	y	1
5_poetry/1_chandas/kvrtrsuu.txt	g	2
6_sastra/6_kama/kamasutu.txt	j	1
4_rellit/buddh/mhvastuu.txt	p	1
4_rellit/buddh/vinsutru.txt	ṇ	1
4_rellit/buddh/mhvastuu.txt	ṣ	1
