source_path,relative_path,source_chars,extracted_chars,canonical_chars,removed_chars,replacement_count,html_removed_chars,normalization_char_delta,decode_replacement_count,unknown_character_count
data/raw/gretil/1_veda/2_bra/gopbra_u.htm,1_veda/2_bra/gopbra_u.htm,357029,328322,252977,104052,33727,28707,75345,0,0
data/raw/gretil/1_veda/2_bra/kausibru.htm,1_veda/2_bra/kausibru.htm,503629,470193,341002,162627,25989,33436,129191,0,0
data/raw/gretil/1_veda/2_bra/pncvbr1u.htm,1_veda/2_bra/pncvbr1u.htm,411145,391181,332378,78767,42794,19964,58803,0,0
data/raw/gretil/1_veda/2_bra/pncvbr2u.htm,1_veda/2_bra/pncvbr2u.htm,411331,394411,335603,75728,42793,16920,58808,0,0
data/raw/gretil/1_veda/2_bra/satapath/sb_01_u.htm,1_veda/2_bra/satapath/sb_01_u.htm,215431,183943,167446,47985,17102,31488,16497,0,0
data/raw/gretil/1_veda/2_bra/satapath/sb_02_u.htm,1_veda/2_bra/satapath/sb_02_u.htm,151178,128309,117271,33907,11809,22869,11038,0,0
data/raw/gretil/1_veda/2_bra/satapath/sb_03_u.htm,1_veda/2_bra/satapath/sb_03_u.htm,223739,191427,174142,49597,17698,32312,17285,0,0
data/raw/gretil/1_veda/2_bra/satapath/sb_04_u.htm,1_veda/2_bra/satapath/sb_04_u.htm,174487,149039,136141,38346,13774,25448,12898,0,0
data/raw/gretil/1_veda/2_bra/satapath/sb_05_u.htm,1_veda/2_bra/satapath/sb_05_u.htm,132112,112298,102938,29174,10391,19814,9360,0,0
data/raw/gretil/1_veda/2_bra/satapath/sb_06_u.htm,1_veda/2_bra/satapath/sb_06_u.htm,154349,132177,121622,32727,11527,22172,10555,0,0
data/raw/gretil/1_veda/2_bra/satapath/sb_07_u.htm,1_veda/2_bra/satapath/sb_07_u.htm,120555,102648,94656,25899,9208,17907,7992,0,0
data/raw/gretil/1_veda/2_bra/satapath/sb_08_u.htm,1_veda/2_bra/satapath/sb_08_u.htm,135394,116010,107343,28051,10110,19384,8667,0,0
data/raw/gretil/1_veda/2_bra/satapath/sb_09_u.htm,1_veda/2_bra/satapath/sb_09_u.htm,116404,98663,90609,25795,8893,17741,8054,0,0
data/raw/gretil/1_veda/2_bra/satapath/sb_10_u.htm,1_veda/2_bra/satapath/sb_10_u.htm,110530,93653,85598,24932,7963,16877,8055,0,0
data/raw/gretil/1_veda/2_bra/satapath/sb_11_u.htm,1_veda/2_bra/satapath/sb_11_u.htm,119650,101006,91523,28127,8885,18644,9483,0,0
data/raw/gretil/1_veda/2_bra/satapath/sb_13_u.htm,1_veda/2_bra/satapath/sb_13_u.htm,116638,98325,88981,27657,8026,18313,9344,0,0
data/raw/gretil/1_veda/2_bra/satapath/sb_14_u.htm,1_veda/2_bra/satapath/sb_14_u.htm,201266,173643,156226,45040,16091,27623,17417,0,0
data/raw/gretil/1_veda/3_ara/sankharu.htm,1_veda/3_ara/sankharu.htm,94249,87545,85239,9010,12837,6704,2306,0,0
data/raw/gretil/1_veda/4_upa/aitup__u.htm,1_veda/4_upa/aitup__u.htm,11947,6306,5714,6233,768,5641,592,0,0
data/raw/gretil/1_veda/4_upa/brup___u.htm,1_veda/4_upa/brup___u.htm,151446,132074,123463,27983,17107,19372,8611,0,0
data/raw/gretil/1_veda/4_upa/chup___u.htm,1_veda/4_upa/chup___u.htm,137335,117234,105620,31715,14661,20101,11614,0,0
data/raw/gretil/1_veda/4_upa/isup___u.htm,1_veda/4_upa/isup___u.htm,7456,2222,1979,5477,279,5234,243,0,0
data/raw/gretil/1_veda/4_upa/kathop_u.htm,1_veda/4_upa/kathop_u.htm,22572,16074,14394,8178,2383,6498,1680,0,0
data/raw/gretil/1_veda/4_upa/mandup_u.htm,1_veda/4_upa/mandup_u.htm,6842,1789,1572,5270,200,5053,217,0,0
data/raw/gretil/1_veda/4_upa/prasup_u.htm,1_veda/4_upa/prasup_u.htm,18180,12058,10981,7199,1477,6122,1077,0,0
data/raw/gretil/1_veda/4_upa/svetu_pu.htm,1_veda/4_upa/svetu_pu.htm,23156,16754,14219,8937,2185,6402,2535,0,0
data/raw/gretil/1_veda/5_vedang/1_srauta/apsulb_u.htm,1_veda/5_vedang/1_srauta/apsulb_u.htm,32491,26125,21468,11023,2490,6366,4657,0,0
data/raw/gretil/1_veda/5_vedang/1_srauta/asvss_u.htm,1_veda/5_vedang/1_srauta/asvss_u.htm,383673,366445,294296,89377,14268,17228,72149,0,0
data/raw/gretil/1_veda/5_vedang/1_srauta/sankhssu.htm,1_veda/5_vedang/1_srauta/sankhssu.htm,440722,412904,304553,136169,16113,27818,108351,0,0
data/raw/gretil/1_veda/5_vedang/1_srauta/vaitss_u.htm,1_veda/5_vedang/1_srauta/vaitss_u.htm,118251,98591,98225,20026,11999,19660,366,0,0
data/raw/gretil/1_veda/5_vedang/2_grhya/asvgs_u.htm,1_veda/5_vedang/2_grhya/asvgs_u.htm,75444,67702,52362,23082,1615,7742,15340,0,0
data/raw/gretil/1_veda/5_vedang/2_grhya/jaimigsu.htm,1_veda/5_vedang/2_grhya/jaimigsu.htm,55430,49383,47675,7755,4571,6047,1708,0,0
data/raw/gretil/1_veda/5_vedang/2_grhya/kaussu_u.htm,1_veda/5_vedang/2_grhya/kaussu_u.htm,297387,255355,189528,107859,21953,42032,65827,0,0
data/raw/gretil/1_veda/5_vedang/2_grhya/kauthgsu.htm,1_veda/5_vedang/2_grhya/kauthgsu.htm,32211,26831,25776,6435,2521,5380,1055,0,0
data/raw/gretil/1_veda/5_vedang/2_grhya/manavgsu.htm,1_veda/5_vedang/2_grhya/manavgsu.htm,85544,72193,59452,26092,7611,13351,12741,0,0
data/raw/gretil/1_veda/5_vedang/2_grhya/sankhgsu.htm,1_veda/5_vedang/2_grhya/sankhgsu.htm,96299,86447,64457,31842,3693,9852,21990,0,0
data/raw/gretil/1_veda/5_vedang/2_grhya/vargs_u.htm,1_veda/5_vedang/2_grhya/vargs_u.htm,46710,39227,35414,11296,4904,7483,3813,0,0
data/raw/gretil/1_veda/5_vedang/2_paris/avpari_u.htm,1_veda/5_vedang/2_paris/avpari_u.htm,436035,415434,349652,86383,46498,20601,65782,0,0
data/raw/gretil/1_veda/5_vedang/2_paris/avpray_u.htm,1_veda/5_vedang/2_paris/avpray_u.htm,96421,82963,64894,31527,9019,13458,18069,0,0
data/raw/gretil/1_veda/5_vedang/3_pratis/rgvidh_u.htm,1_veda/5_vedang/3_pratis/rgvidh_u.htm,123070,109770,79936,43134,5917,13300,29834,0,0
data/raw/gretil/2_epic/mbh/mbh_01_u.htm,2_epic/mbh/mbh_01_u.htm,1708837,1599148,1195470,513367,147304,109689,403678,0,0
data/raw/gretil/2_epic/mbh/mbh_02_u.htm,2_epic/mbh/mbh_02_u.htm,697959,651394,478834,219125,58056,46565,172560,0,0
data/raw/gretil/2_epic/mbh/mbh_03_u.htm,2_epic/mbh/mbh_03_u.htm,1729729,1616301,1250288,479441,153555,113428,366013,0,0
data/raw/gretil/2_epic/mbh/mbh_04_u.htm,2_epic/mbh/mbh_04_u.htm,677716,632139,451129,226587,54995,45577,181010,0,0
data/raw/gretil/2_epic/mbh/mbh_05_u.htm,2_epic/mbh/mbh_05_u.htm,958468,894424,700409,258059,87054,64044,194015,0,0
data/raw/gretil/2_epic/mbh/mbh_06_u.htm,2_epic/mbh/mbh_06_u.htm,843184,785914,612474,230710,72930,57270,173440,0,0
data/raw/gretil/2_epic/mbh/mbh_07_u.htm,2_epic/mbh/mbh_07_u.htm,1448776,1354656,1041757,407019,122549,94120,312899,0,0
data/raw/gretil/2_epic/mbh/mbh_08_u.htm,2_epic/mbh/mbh_08_u.htm,870974,813422,612329,258645,72493,57552,201093,0,0
data/raw/gretil/2_epic/mbh/mbh_09_u.htm,2_epic/mbh/mbh_09_u.htm,519233,482229,376511,142722,45388,37004,105718,0,0
data/raw/gretil/2_epic/mbh/mbh_10_u.htm,2_epic/mbh/mbh_10_u.htm,119611,107909,107891,11720,8348,11702,18,0,0
data/raw/gretil/2_epic/mbh/mbh_11_u.htm,2_epic/mbh/mbh_11_u.htm,116621,104935,81449,35172,9886,11686,23486,0,0
data/raw/gretil/2_epic/mbh/mbh_12_u.htm,2_epic/mbh/mbh_12_u.htm,2201420,2060248,1591798,609622,198063,141172,468450,0,0
data/raw/gretil/2_epic/mbh/mbh_13_u.htm,2_epic/mbh/mbh_13_u.htm,1759793,1648021,1212632,547161,149940,111772,435389,0,0
data/raw/gretil/2_epic/mbh/mbh_14_u.htm,2_epic/mbh/mbh_14_u.htm,656584,612200,457034,199550,56796,44384,155166,0,0
data/raw/gretil/2_epic/mbh/mbh_15_u.htm,2_epic/mbh/mbh_15_u.htm,156409,142159,111594,44815,13864,14250,30565,0,0
data/raw/gretil/2_epic/mbh/mbh_16_u.htm,2_epic/mbh/mbh_16_u.htm,50335,42963,33234,17101,3990,7372,9729,0,0
data/raw/gretil/2_epic/mbh/mbh_17_u.htm,2_epic/mbh/mbh_17_u.htm,21604,15980,12436,9168,1574,5624,3544,0,0
data/raw/gretil/2_epic/mbh/mbh_18_u.htm,2_epic/mbh/mbh_18_u.htm,47405,40243,30250,17155,3680,7162,9993,0,0
data/raw/gretil/2_epic/mbh/ext/hv_conpu.htm,2_epic/mbh/ext/hv_conpu.htm,1387836,1140787,1016932,370904,184147,247049,123855,0,0
data/raw/gretil/2_epic/mbh/ext/hv_apppu.htm,2_epic/mbh/ext/hv_apppu.htm,1884234,1679229,1634800,249434,246600,205005,44429,0,0
data/raw/gretil/2_epic/ramayana/ram_01_u.htm,2_epic/ramayana/ram_01_u.htm,245817,225522,182129,63688,21707,20295,43393,0,0
data/raw/gretil/2_epic/ramayana/ram_02_u.htm,2_epic/ramayana/ram_02_u.htm,404009,373724,303205,100804,37446,30285,70519,0,0
data/raw/gretil/2_epic/ramayana/ram_03_u.htm,2_epic/ramayana/ram_03_u.htm,264996,243513,197194,67802,23655,21483,46319,0,0
data/raw/gretil/2_epic/ramayana/ram_04_u.htm,2_epic/ramayana/ram_04_u.htm,253290,232569,188362,64928,22447,20721,44207,0,0
data/raw/gretil/2_epic/ramayana/ram_05_u.htm,2_epic/ramayana/ram_05_u.htm,320100,295283,239801,80299,28019,24817,55482,0,0
data/raw/gretil/2_epic/ramayana/ram_06_u.htm,2_epic/ramayana/ram_06_u.htm,564663,524100,425311,139352,49426,40563,98789,0,0
data/raw/gretil/2_epic/ramayana/ram_07_u.htm,2_epic/ramayana/ram_07_u.htm,340067,313654,253804,86263,31113,26413,59850,0,0
data/raw/gretil/3_purana/agp_bi_u.htm,3_purana/agp_bi_u.htm,1885609,1716514,1368722,516887,204070,169095,347792,0,0
data/raw/gretil/3_purana/bhagp/bhp_01u.htm,3_purana/bhagp/bhp_01u.htm,122389,111152,83456,38933,8538,11237,27696,0,0
data/raw/gretil/3_purana/bhagp/bhp_02u.htm,3_purana/bhagp/bhp_02u.htm,65712,57715,43007,22705,4389,7997,14708,0,0
data/raw/gretil/3_purana/bhagp/bhp_03u.htm,3_purana/bhagp/bhp_03u.htm,222408,205245,153913,68495,16825,17163,51332,0,0
data/raw/gretil/3_purana/bhagp/bhp_04u.htm,3_purana/bhagp/bhp_04u.htm,223243,206224,155408,67835,17141,17019,50816,0,0
data/raw/gretil/3_purana/bhagp/bhp_05u.htm,3_purana/bhagp/bhp_05u.htm,137135,128906,113255,23880,10799,8229,15651,0,0
data/raw/gretil/3_purana/bhagp/bhp_06u.htm,3_purana/bhagp/bhp_06u.htm,128454,116797,87435,41019,8791,11657,29362,0,0
data/raw/gretil/3_purana/bhagp/bhp_07u.htm,3_purana/bhagp/bhp_07u.htm,116965,105785,78356,38609,7721,11180,27429,0,0
data/raw/gretil/3_purana/bhagp/bhp_08u.htm,3_purana/bhagp/bhp_08u.htm,141634,129170,96590,45044,9389,12464,32580,0,0
data/raw/gretil/3_purana/bhagp/bhp_09u.htm,3_purana/bhagp/bhp_09u.htm,139067,126507,93558,45509,9297,12560,32949,0,0
data/raw/gretil/3_purana/bhagp/bhp_10u.htm,3_purana/bhagp/bhp_10u.htm,610611,570037,425040,185571,46306,40574,144997,0,0
data/raw/gretil/3_purana/bhagp/bhp_11u.htm,3_purana/bhagp/bhp_11u.htm,208007,191536,142940,65067,16185,16471,48596,0,0
data/raw/gretil/3_purana/bhagp/bhp_12u.htm,3_purana/bhagp/bhp_12u.htm,87946,78644,58735,29211,6434,9302,19909,0,0
data/raw/gretil/3_purana/brahmap/brahmppu.htm,3_purana/brahmap/brahmppu.htm,1794706,1665696,1435809,358897,217800,129010,229887,0,0
data/raw/gretil/3_purana/brndp1_u.htm,3_purana/brndp1_u.htm,483277,445856,375188,108089,50415,37421,70668,0,0
data/raw/gretil/3_purana/brndp2_u.htm,3_purana/brndp2_u.htm,742641,687742,578526,164115,76450,54899,109216,0,0
data/raw/gretil/3_purana/brndp3_u.htm,3_purana/brndp3_u.htm,539800,498725,416877,122923,55690,41075,81848,0,0
data/raw/gretil/3_purana/garup1_u.htm,3_purana/garup1_u.htm,1008655,934694,784934,223721,101509,73961,149760,0,0
data/raw/gretil/3_purana/garup2_u.htm,3_purana/garup2_u.htm,383886,353376,298489,85397,41028,30510,54887,0,0
data/raw/gretil/3_purana/garup3_u.htm,3_purana/garup3_u.htm,291105,268869,231651,59454,31014,22236,37218,0,0
data/raw/gretil/3_purana/kurmp1_u.htm,3_purana/kurmp1_u.htm,411365,378497,315765,95600,42206,32868,62732,0,0
data/raw/gretil/3_purana/kurmp2_u.htm,3_purana/kurmp2_u.htm,355978,327226,273285,82693,37396,28752,53941,0,0
data/raw/gretil/3_purana/lip_1_pu.htm,3_purana/lip_1_pu.htm,871012,804823,680095,190917,94583,66189,124728,0,0
data/raw/gretil/3_purana/lip_2__u.htm,3_purana/lip_2__u.htm,303780,277973,235080,68700,30881,25807,42893,0,5
data/raw/gretil/3_purana/mkp1-93u.htm,3_purana/mkp1-93u.htm,596267,545014,459789,136478,61717,51253,85225,0,0
data/raw/gretil/3_purana/mtp176pu.htm,3_purana/mtp176pu.htm,1128427,1044190,881278,247149,118477,84237,162912,0,0
data/raw/gretil/3_purana/nardp1_u.htm,3_purana/nardp1_u.htm,1657486,1543016,1294967,362519,163145,114470,248049,0,0
data/raw/gretil/3_purana/nardp2_u.htm,3_purana/nardp2_u.htm,325707,299400,251950,73757,34666,26307,47450,0,0
data/raw/gretil/3_purana/narsippu.htm,3_purana/narsippu.htm,464963,428104,369908,95055,55268,36859,58196,0,272
data/raw/gretil/3_purana/sivap1_u.htm,3_purana/sivap1_u.htm,222021,204149,152344,69677,19266,17872,51805,0,0
data/raw/gretil/3_purana/sivap7_u.htm,3_purana/sivap7_u.htm,615698,573856,416161,199537,60942,41842,157695,0,0
data/raw/gretil/3_purana/skp031pu.htm,3_purana/skp031pu.htm,225078,203551,175873,49205,23959,21527,27678,0,0
data/raw/gretil/3_purana/skprevku.htm,3_purana/skprevku.htm,841737,775467,672811,168926,99912,66270,102656,0,0
data/raw/gretil/3_purana/vamp__u.htm,3_purana/vamp__u.htm,605141,560283,482333,122808,66205,44858,77950,0,0
data/raw/gretil/3_purana/vd2127_u.htm,3_purana/vd2127_u.htm,11952,6706,5677,6275,879,5246,1029,0,0
data/raw/gretil/3_purana/vd3343pu.htm,3_purana/vd3343pu.htm,60034,50711,38879,21155,6038,9323,11832,0,0
data/raw/gretil/3_purana/vipce_pu.htm,3_purana/vipce_pu.htm,871537,779574,658412,213125,101908,91963,121162,0,0
data/raw/gretil/4_rellit/buddh/avsata_u.htm,4_rellit/buddh/avsata_u.htm,791898,722992,687178,104720,87929,68906,35814,0,2
data/raw/gretil/4_rellit/buddh/divyav_u.htm,4_rellit/buddh/divyav_u.htm,1428529,1355128,1195350,233179,130214,73401,159778,0,0
data/raw/gretil/4_rellit/buddh/mhvastuu.htm,4_rellit/buddh/mhvastuu.htm,2035192,1673342,1611155,424037,281820,361850,62187,0,0
data/raw/gretil/4_rellit/buddh/vimkn_u.htm,4_rellit/buddh/vimkn_u.htm,179986,169981,168397,11589,19766,10005,1584,0,278
data/raw/gretil/4_rellit/buddh/sukhvylu.htm,4_rellit/buddh/sukhvylu.htm,98311,87050,83404,14907,8341,11261,3646,0,0
data/raw/gretil/4_rellit/buddh/sukhvysu.htm,4_rellit/buddh/sukhvysu.htm,17774,11674,11340,6434,1319,6100,334,0,0
data/raw/gretil/4_rellit/buddh/udanav_u.htm,4_rellit/buddh/udanav_u.htm,168449,154604,123163,45286,6758,13845,31441,0,0
data/raw/gretil/4_rellit/buddh/asmahsuu.htm,4_rellit/buddh/asmahsuu.htm,348645,324512,311225,37420,27504,24133,13287,0,0
data/raw/gretil/4_rellit/buddh/srabhu_u.htm,4_rellit/buddh/srabhu_u.htm,425784,403909,399558,26226,50983,21875,4351,0,0
data/raw/gretil/4_rellit/buddh/vinsutru.htm,4_rellit/buddh/vinsutru.htm,381363,349180,265871,115492,45216,32183,83309,0,0
data/raw/gretil/4_rellit/buddh/bhivin_u.htm,4_rellit/buddh/bhivin_u.htm,406330,388524,380459,25871,50656,17806,8065,0,1
data/raw/gretil/4_rellit/buddh/vinv01_u.htm,4_rellit/buddh/vinv01_u.htm,109189,94395,92932,16257,11949,14794,1463,0,1
data/raw/gretil/4_rellit/buddh/vinv02_u.htm,4_rellit/buddh/vinv02_u.htm,82832,65326,63911,18921,7585,17506,1415,0,0
data/raw/gretil/4_rellit/buddh/vinv03_u.htm,4_rellit/buddh/vinv03_u.htm,47273,37225,36858,10415,4031,10048,367,0,0
data/raw/gretil/4_rellit/buddh/vinv04_u.htm,4_rellit/buddh/vinv04_u.htm,45022,35647,34796,10226,4292,9375,851,0,8
data/raw/gretil/4_rellit/buddh/vinv05_u.htm,4_rellit/buddh/vinv05_u.htm,68276,61885,61735,6541,9266,6391,150,0,0
data/raw/gretil/4_rellit/buddh/vinv_06u.htm,4_rellit/buddh/vinv_06u.htm,420921,387129,383888,37033,55574,33792,3241,0,0
data/raw/gretil/4_rellit/buddh/vinv07_u.htm,4_rellit/buddh/vinv07_u.htm,193844,183765,183247,10597,29039,10079,518,0,0
data/raw/gretil/4_rellit/buddh/vinv08_u.htm,4_rellit/buddh/vinv08_u.htm,33588,26290,25675,7913,2963,7298,615,0,8
data/raw/gretil/4_rellit/buddh/vinv09_u.htm,4_rellit/buddh/vinv09_u.htm,33453,27024,26924,6529,3741,6429,100,0,0
data/raw/gretil/4_rellit/buddh/vinv10_u.htm,4_rellit/buddh/vinv10_u.htm,22694,16838,16755,5939,2506,5856,83,0,0
data/raw/gretil/4_rellit/buddh/vinv11_u.htm,4_rellit/buddh/vinv11_u.htm,89264,74443,73643,15621,8685,14821,800,0,0
data/raw/gretil/4_rellit/buddh/vinv12_u.htm,4_rellit/buddh/vinv12_u.htm,41845,35240,35070,6775,4831,6605,170,0,0
data/raw/gretil/4_rellit/buddh/vinv13_u.htm,4_rellit/buddh/vinv13_u.htm,19603,13666,13583,6020,1737,5937,83,0,0
data/raw/gretil/4_rellit/buddh/vinv14_u.htm,4_rellit/buddh/vinv14_u.htm,19481,13711,13607,5874,1881,5770,104,0,0
data/raw/gretil/4_rellit/buddh/vinv15_u.htm,4_rellit/buddh/vinv15_u.htm,111754,100809,97644,14110,11510,10945,3165,0,0
data/raw/gretil/4_rellit/buddh/vinv16_u.htm,4_rellit/buddh/vinv16_u.htm,109026,98502,94755,14271,11097,10524,3747,0,0
data/raw/gretil/4_rellit/buddh/vinv171u.htm,4_rellit/buddh/vinv171u.htm,631201,586411,384413,246788,49307,44790,201998,0,0
data/raw/gretil/4_rellit/buddh/vinv172u.htm,4_rellit/buddh/vinv172u.htm,576769,526669,507780,68989,65098,50100,18889,0,1
data/raw/gretil/6_sastra/3_phil/buddh/nagmmk_u.htm,6_sastra/3_phil/buddh/nagmmk_u.htm,63101,53126,44341,18760,7256,9975,8785,0,0
data/raw/gretil/6_sastra/3_phil/buddh/nagvigvu.htm,6_sastra/3_phil/buddh/nagvigvu.htm,52231,43954,41789,10442,5726,8277,2165,0,0
data/raw/gretil/6_sastra/3_phil/buddh/nrat_1_u.htm,6_sastra/3_phil/buddh/nrat_1_u.htm,15015,9051,7787,7228,965,5964,1264,0,0
data/raw/gretil/6_sastra/3_phil/buddh/nrat_2_u.htm,6_sastra/3_phil/buddh/nrat_2_u.htm,11044,5554,4756,6288,584,5490,798,0,0
data/raw/gretil/6_sastra/3_phil/buddh/nrat_4_u.htm,6_sastra/3_phil/buddh/nrat_4_u.htm,18280,11928,10226,8054,1195,6352,1702,0,0
data/raw/gretil/6_sastra/3_phil/buddh/pramanvu.htm,6_sastra/3_phil/buddh/pramanvu.htm,182649,166183,140457,42192,18103,16466,25726,0,0
data/raw/gretil/6_sastra/3_phil/buddh/santbcpu.htm,6_sastra/3_phil/buddh/santbcpu.htm,128670,109291,91986,36684,12413,19379,17305,0,0
data/raw/gretil/6_sastra/3_phil/buddh/vakobhau.htm,6_sastra/3_phil/buddh/vakobhau.htm,1246296,1003822,955532,290764,94502,242474,48290,0,0
data/raw/gretil/4_rellit/saiva/kirtm_pu.htm,4_rellit/saiva/kirtm_pu.htm,26792,20403,17875,8917,2367,6389,2528,0,0
data/raw/gretil/4_rellit/saiva/kubjt_pu.htm,4_rellit/saiva/kubjt_pu.htm,408180,366034,305077,103103,43893,42146,60957,0,0
data/raw/gretil/4_rellit/saiva/malinivu.htm,4_rellit/saiva/malinivu.htm,154214,139000,117848,36366,12694,15214,21152,0,0
data/raw/gretil/4_rellit/saiva/mrgt1mpu.htm,4_rellit/saiva/mrgt1mpu.htm,60974,52644,44611,16363,5594,8330,8033,0,0
data/raw/gretil/4_rellit/saiva/mrgt3mpu.htm,4_rellit/saiva/mrgt3mpu.htm,20939,15197,13150,7789,1654,5742,2047,0,0
data/raw/gretil/4_rellit/saiva/mrgt4mpu.htm,4_rellit/saiva/mrgt4mpu.htm,12329,7199,6340,5989,793,5130,859,0,0
data/raw/gretil/4_rellit/saiva/parakspu.htm,4_rellit/saiva/parakspu.htm,68188,60272,53449,14739,5178,7916,6823,0,0
data/raw/gretil/4_rellit/saiva/pasupspu.htm,4_rellit/saiva/pasupspu.htm,11573,6379,4289,7284,921,5194,2090,0,0
data/raw/gretil/4_rellit/saiva/sivsutru.htm,4_rellit/saiva/sivsutru.htm,69041,60389,42268,26773,5222,8652,18121,0,0
data/raw/gretil/4_rellit/saiva/svact_pu.htm,4_rellit/saiva/svact_pu.htm,453332,417929,358036,95296,47255,35403,59893,0,0
data/raw/gretil/4_rellit/saiva/todaltpu.htm,4_rellit/saiva/todaltpu.htm,52795,44773,39243,13552,5494,8022,5530,0,0
data/raw/gretil/4_rellit/saiva/vinst_pu.htm,4_rellit/saiva/vinst_pu.htm,52676,44754,39995,12681,5775,7922,4759,0,0
data/raw/gretil/4_rellit/vaisn/astavgpu.htm,4_rellit/vaisn/astavgpu.htm,43372,36044,30224,13148,4842,7328,5820,0,0
data/raw/gretil/4_rellit/vaisn/hbhvil_u.htm,4_rellit/vaisn/hbhvil_u.htm,672059,609668,536943,135116,66046,62391,72725,0,0
data/raw/gretil/4_rellit/vaisn/ss1_tatu.htm,4_rellit/vaisn/ss1_tatu.htm,122959,110241,108828,14131,11339,12718,1413,0,0
data/raw/gretil/4_rellit/vaisn/ss2_bhgu.htm,4_rellit/vaisn/ss2_bhgu.htm,322523,292296,287402,35121,30614,30227,4894,0,0
data/raw/gretil/4_rellit/vaisn/ss3_paru.htm,4_rellit/vaisn/ss3_paru.htm,204732,183966,180479,24253,19440,20766,3487,0,5
data/raw/gretil/4_rellit/vaisn/ss4_krsu.htm,4_rellit/vaisn/ss4_krsu.htm,388889,354649,347942,40947,36650,34240,6707,0,0
data/raw/gretil/4_rellit/vaisn/ss5_bhku.htm,4_rellit/vaisn/ss5_bhku.htm,489070,443243,432603,56467,45989,45827,10640,0,0
data/raw/gretil/4_rellit/vaisn/ss6_priu.htm,4_rellit/vaisn/ss6_priu.htm,478437,433371,419755,58682,44546,45066,13616,0,0
data/raw/gretil/4_rellit/vaisn/satvtanu.htm,4_rellit/vaisn/satvtanu.htm,91729,81243,73433,18296,8936,10486,7810,0,0
data/raw/gretil/4_rellit/vaisn/vaimp__u.htm,4_rellit/vaisn/vaimp__u.htm,360322,320950,264934,95388,32177,39372,56016,0,1
data/raw/gretil/4_rellit/vaisn/yamcatpu.htm,4_rellit/vaisn/yamcatpu.htm,5377,953,876,4501,105,4424,77,0,0
data/raw/gretil/4_rellit/vaisn/yamsr_pu.htm,4_rellit/vaisn/yamsr_pu.htm,15389,10246,9276,6113,988,5143,970,0,0
data/raw/gretil/5_poetry/2_kavya/akadambu.htm,5_poetry/2_kavya/akadambu.htm,120125,104536,89028,31097,12753,15589,15508,0,0
data/raw/gretil/5_poetry/2_kavya/amaru_u.htm,5_poetry/2_kavya/amaru_u.htm,67619,57626,55140,12479,5180,9993,2486,0,0
data/raw/gretil/5_poetry/2_kavya/asvbuc2u.htm,5_poetry/2_kavya/asvbuc2u.htm,157222,139581,125745,31477,15859,17641,13836,0,0
data/raw/gretil/5_poetry/2_kavya/asvsau2u.htm,5_poetry/2_kavya/asvsau2u.htm,158876,144783,127935,30941,16362,14093,16848,0,0
data/raw/gretil/5_poetry/2_kavya/bhakirpu.htm,5_poetry/2_kavya/bhakirpu.htm,168619,151545,132428,36191,17163,17074,19117,0,0
data/raw/gretil/5_poetry/2_kavya/bhattiku.htm,5_poetry/2_kavya/bhattiku.htm,232909,214829,177102,55807,17317,18080,37727,0,0
data/raw/gretil/5_poetry/2_kavya/bicauppu.htm,5_poetry/2_kavya/bicauppu.htm,13500,8604,7823,5677,878,4896,781,0,0
data/raw/gretil/5_poetry/2_kavya/dandkc_u.htm,5_poetry/2_kavya/dandkc_u.htm,267328,249594,242647,24681,20563,17734,6947,0,0
data/raw/gretil/5_poetry/2_kavya/jaygit2u.htm,5_poetry/2_kavya/jaygit2u.htm,63906,51682,47456,16450,4305,12224,4226,0,0
data/raw/gretil/5_poetry/2_kavya/kakumspu.htm,5_poetry/2_kavya/kakumspu.htm,95222,83393,73730,21492,9738,11829,9663,0,0
data/raw/gretil/5_poetry/2_kavya/kalrs_pu.htm,5_poetry/2_kavya/kalrs_pu.htm,31282,25481,22967,8315,2299,5801,2514,0,0
data/raw/gretil/5_poetry/2_kavya/kmeghdpu.htm,5_poetry/2_kavya/kmeghdpu.htm,29403,23538,21842,7561,2579,5865,1696,0,0
data/raw/gretil/5_poetry/2_kavya/kragh_pu.htm,5_poetry/2_kavya/kragh_pu.htm,249008,224329,194075,54933,25631,24679,30254,0,0
data/raw/gretil/5_poetry/2_kavya/maghspvu.htm,5_poetry/2_kavya/maghspvu.htm,293890,236141,207299,86591,27187,57749,28842,0,0
data/raw/gretil/5_poetry/2_kavya/nkalivpu.htm,5_poetry/2_kavya/nkalivpu.htm,18431,12244,10346,8085,1568,6187,1898,0,0
data/raw/gretil/5_poetry/2_kavya/padnscpu.htm,5_poetry/2_kavya/padnscpu.htm,252478,225617,192147,60331,24356,26861,33470,0,0
data/raw/gretil/5_poetry/2_kavya/ramodtpu.htm,5_poetry/2_kavya/ramodtpu.htm,39577,26664,22696,16881,4183,12913,3968,0,0
data/raw/gretil/5_poetry/4_narr/brkas_pu.htm,5_poetry/4_narr/brkas_pu.htm,517640,476980,448874,68766,53285,40660,28106,0,0
data/raw/gretil/5_poetry/4_narr/hitop_u.htm,5_poetry/4_narr/hitop_u.htm,208535,188422,175919,32616,22560,20113,12503,0,0
data/raw/gretil/5_poetry/4_narr/sokss_pu.htm,5_poetry/4_narr/sokss_pu.htm,2854656,2586494,2214062,640594,319153,268162,372432,0,0
data/raw/gretil/5_poetry/4_narr/suksaptu.htm,5_poetry/4_narr/suksaptu.htm,175473,155304,147561,27912,18733,20169,7743,0,0
data/raw/gretil/5_poetry/4_narr/ttrkhy1u.htm,5_poetry/4_narr/ttrkhy1u.htm,42655,34680,34520,8135,3613,7975,160,0,0
data/raw/gretil/5_poetry/4_narr/ttrkhy2u.htm,5_poetry/4_narr/ttrkhy2u.htm,32285,25207,24726,7559,2865,7078,481,0,0
data/raw/gretil/5_poetry/5_subhas/bharst_u.htm,5_poetry/5_subhas/bharst_u.htm,75862,65822,60437,15425,5972,10040,5385,0,0
data/raw/gretil/5_poetry/5_subhas/ksdarppu.htm,5_poetry/5_subhas/ksdarppu.htm,87435,75522,64271,23164,7933,11913,11251,0,0
data/raw/gretil/5_poetry/5_subhas/msubhs_u.htm,5_poetry/5_subhas/msubhs_u.htm,1649024,1563012,1331617,317407,161486,86012,231395,0,0
data/raw/gretil/5_poetry/5_subhas/valsubhu.htm,5_poetry/5_subhas/valsubhu.htm,217084,199261,155792,61292,17756,17823,43469,0,0
data/raw/gretil/5_poetry/5_subhas/vidsrgpu.htm,5_poetry/5_subhas/vidsrgpu.htm,460189,421877,398797,61392,47154,38312,23080,0,0
data/raw/gretil/5_poetry/6_hist/jonart_pu.htm,5_poetry/6_hist/jonart_pu.htm,177687,153338,139871,37816,19442,24349,13467,0,0
data/raw/gretil/5_poetry/1_natya/bharnatu.htm,5_poetry/1_natya/bharnatu.htm,565681,522838,456060,109621,56425,42843,66778,0,0
data/raw/gretil/5_poetry/1_natya/dhandasu.htm,5_poetry/1_natya/dhandasu.htm,43779,35418,30147,13632,3411,8361,5271,0,0
data/raw/gretil/5_poetry/1_chandas/jvrtmspu.htm,5_poetry/1_chandas/jvrtmspu.htm,33901,25595,23204,10697,2460,8306,2391,0,0
data/raw/gretil/5_poetry/1_chandas/kedvratu.htm,5_poetry/1_chandas/kedvratu.htm,24026,17528,14350,9676,1883,6498,3178,0,0
data/raw/gretil/5_poetry/1_chandas/kvrtrsuu.htm,5_poetry/1_chandas/kvrtrsuu.htm,115473,96168,89231,26242,10342,19305,6937,0,0
data/raw/gretil/6_sastra/3_phil/mimamsa/jaimsutu.htm,6_sastra/3_phil/mimamsa/jaimsutu.htm,186409,159352,110983,75426,19236,27057,48369,0,0
data/raw/gretil/6_sastra/3_phil/nyaya/gaunys_u.htm,6_sastra/3_phil/nyaya/gaunys_u.htm,54332,44070,39312,15020,1767,10262,4758,0,0
data/raw/gretil/6_sastra/3_phil/nyaya/antarkpu.htm,6_sastra/3_phil/nyaya/antarkpu.htm,19309,14595,13588,5721,1870,4714,1007,0,0
data/raw/gretil/6_sastra/3_phil/vaisesik/vaissu1u.htm,6_sastra/3_phil/vaisesik/vaissu1u.htm,26385,20468,15269,11116,1825,5917,5199,0,1
data/raw/gretil/6_sastra/3_phil/samkhya/isvskaru.htm,6_sastra/3_phil/samkhya/isvskaru.htm,33714,22094,17191,16523,2934,11620,4903,0,0
data/raw/gretil/6_sastra/3_phil/yoga/patyog_u.htm,6_sastra/3_phil/yoga/patyog_u.htm,17184,11604,9268,7916,861,5580,2336,0,0
data/raw/gretil/6_sastra/3_phil/yoga/hathyopu.htm,6_sastra/3_phil/yoga/hathyopu.htm,57052,48648,42879,14173,5886,8404,5769,0,0
data/raw/gretil/6_sastra/3_phil/yoga/ghers__u.htm,6_sastra/3_phil/yoga/ghers__u.htm,57212,49371,49348,7864,5947,7841,23,0,0
data/raw/gretil/6_sastra/3_phil/vedanta/brahmsuu.htm,6_sastra/3_phil/vedanta/brahmsuu.htm,32321,25492,17956,14365,2302,6829,7536,0,0
data/raw/gretil/6_sastra/3_phil/vedanta/gaukarpu.htm,6_sastra/3_phil/vedanta/gaukarpu.htm,32227,25340,23157,9070,3600,6887,2183,0,0
data/raw/gretil/6_sastra/3_phil/vedanta/samkupad_u.htm,6_sastra/3_phil/vedanta/samkupad_u.htm,137694,123781,122096,15598,16410,13913,1685,0,0
data/raw/gretil/6_sastra/3_phil/vedanta/yamgaspu.htm,6_sastra/3_phil/vedanta/yamgaspu.htm,8370,3602,3114,5256,281,4768,488,0,0
data/raw/gretil/6_sastra/3_phil/vedanta/yamis_pu.htm,6_sastra/3_phil/vedanta/yamis_pu.htm,20418,15616,15076,5342,1509,4802,540,0,0
data/raw/gretil/6_sastra/3_phil/vedanta/yamss_pu.htm,6_sastra/3_phil/vedanta/yamss_pu.htm,30757,24584,21741,9016,3180,6173,2843,0,0
data/raw/gretil/6_sastra/3_phil/saiva/parmartu.htm,6_sastra/3_phil/saiva/parmartu.htm,17990,12339,11486,6504,1226,5651,853,0,0
data/raw/gretil/6_sastra/3_phil/saiva/pratyabu.htm,6_sastra/3_phil/saiva/pratyabu.htm,43871,35335,33745,10126,3028,8536,1590,0,0
data/raw/gretil/6_sastra/3_phil/saiva/tantralu.htm,6_sastra/3_phil/saiva/tantralu.htm,810954,758983,573001,237953,81346,51971,185982,0,0
data/raw/gretil/6_sastra/3_phil/saiva/paratriu.htm,6_sastra/3_phil/saiva/paratriu.htm,8740,3932,3623,5117,422,4808,309,0,0
data/raw/gretil/6_sastra/4_dharma/sutra/apastd_u.htm,6_sastra/4_dharma/sutra/apastd_u.htm,109846,97689,97023,12823,13272,12157,666,0,0
data/raw/gretil/6_sastra/4_dharma/sutra/baudhd_u.htm,6_sastra/4_dharma/sutra/baudhd_u.htm,156633,144890,144845,11788,17788,11743,45,0,0
data/raw/gretil/6_sastra/4_dharma/sutra/gautdh_u.htm,6_sastra/4_dharma/sutra/gautdh_u.htm,97344,82359,64579,32765,8215,14985,17780,0,0
data/raw/gretil/6_sastra/4_dharma/sutra/vaikhd_u.htm,6_sastra/4_dharma/sutra/vaikhd_u.htm,54027,47548,47490,6537,3963,6479,58,0,0
data/raw/gretil/6_sastra/4_dharma/sutra/vasist_u.htm,6_sastra/4_dharma/sutra/vasist_u.htm,119161,102348,99436,19725,7413,16813,2912,0,0
data/raw/gretil/6_sastra/4_dharma/smrti/angirspu.htm,6_sastra/4_dharma/smrti/angirspu.htm,169402,151737,131358,38044,17572,17665,20379,0,0
data/raw/gretil/6_sastra/4_dharma/smrti/brhasppu.htm,6_sastra/4_dharma/smrti/brhasppu.htm,168447,152111,130478,37969,19302,16336,21633,0,0
data/raw/gretil/6_sastra/4_dharma/smrti/katy2p_u.htm,6_sastra/4_dharma/smrti/katy2p_u.htm,130742,113422,100358,30384,15472,17320,13064,0,0
data/raw/gretil/6_sastra/4_dharma/smrti/manu2p_u.htm,6_sastra/4_dharma/smrti/manu2p_u.htm,336394,309790,268341,68053,42257,26604,41449,0,0
data/raw/gretil/6_sastra/4_dharma/smrti/nars2_pu.htm,6_sastra/4_dharma/smrti/nars2_pu.htm,120051,107602,95333,24718,14690,12449,12269,0,0
data/raw/gretil/6_sastra/4_dharma/smrti/pars2_pu.htm,6_sastra/4_dharma/smrti/pars2_pu.htm,85448,73003,63261,22187,10132,12445,9742,0,0
data/raw/gretil/6_sastra/4_dharma/smrti/visnu_pu.htm,6_sastra/4_dharma/smrti/visnu_pu.htm,217027,185925,140159,76868,23276,31102,45766,0,0
data/raw/gretil/6_sastra/4_dharma/smrti/yajn2_pu.htm,6_sastra/4_dharma/smrti/yajn2_pu.htm,134893,117525,101440,33453,15051,17368,16085,0,0
data/raw/gretil/6_sastra/5_artha/kautil_u.htm,6_sastra/5_artha/kautil_u.htm,559211,529076,455021,104190,50943,30135,74055,0,0
data/raw/gretil/6_sastra/6_kama/kamasutu.htm,6_sastra/6_kama/kamasutu.htm,195693,175117,168879,26814,18284,20576,6238,0,0
data/raw/gretil/6_sastra/7_ayur/anandk_u.htm,6_sastra/7_ayur/anandk_u.htm,765102,699557,615258,149844,77206,65545,84299,0,0
data/raw/gretil/6_sastra/7_ayur/bhavpr_u.htm,6_sastra/7_ayur/bhavpr_u.htm,52795,44689,43140,9655,5616,8106,1549,0,0
data/raw/gretil/6_sastra/7_ayur/caraka_u.htm,6_sastra/7_ayur/caraka_u.htm,361923,339961,311877,50046,38217,21962,28084,0,0
data/raw/gretil/6_sastra/7_ayur/vagaah_u.htm,6_sastra/7_ayur/vagaah_u.htm,1115319,1033523,927408,187911,92996,81796,106115,0,0
data/raw/gretil/6_sastra/7_ayur/rasarnpu.htm,6_sastra/7_ayur/rasarnpu.htm,174794,158704,137772,37022,18853,16090,20932,0,0
data/raw/gretil/6_sastra/7_ayur/rasadhpu.htm,6_sastra/7_ayur/rasadhpu.htm,85318,74647,66412,18906,8938,10671,8235,0,0
data/raw/gretil/6_sastra/7_ayur/yogasatu.htm,6_sastra/7_ayur/yogasatu.htm,23503,17982,16732,6771,1681,5521,1250,0,0
data/raw/gretil/6_sastra/8_jyot/aryabh_u.htm,6_sastra/8_jyot/aryabh_u.htm,24256,17647,14786,9470,1576,6609,2861,0,0
data/raw/gretil/6_sastra/8_jyot/bijaganu.htm,6_sastra/8_jyot/bijaganu.htm,35170,27895,24330,10840,2970,7275,3565,0,0
data/raw/gretil/6_sastra/8_jyot/brhajj_u.htm,6_sastra/8_jyot/brhajj_u.htm,96218,84687,5388,90830,917,11531,79299,0,0
data/raw/gretil/6_sastra/8_jyot/brhats_u.htm,6_sastra/8_jyot/brhats_u.htm,504891,443546,372110,132781,38618,61345,71436,0,0
data/raw/gretil/6_sastra/8_jyot/brsphutu.htm,6_sastra/8_jyot/brsphutu.htm,43058,34138,27862,15196,2902,8920,6276,0,0
data/raw/gretil/6_sastra/8_jyot/lilavatu.htm,6_sastra/8_jyot/lilavatu.htm,114014,101730,90521,23493,12736,12284,11209,0,0
data/raw/gretil/6_sastra/8_jyot/surysidu.htm,6_sastra/8_jyot/surysidu.htm,76920,65848,50449,26471,6007,11072,15399,0,0
