rule_id	left	right	surface	variant	status
EXT_0001	a	a	ā	1	active
EXT_0002	a	ā	ā	1	active
EXT_0003	a	i	e	1	active
EXT_0004	a	ī	e	1	active
EXT_0005	a	u	o	1	active
EXT_0006	a	ū	o	1	active
EXT_0007	a	ṛ	ar	1	active
EXT_0008	a	ṝ	ar	1	active
EXT_0009	a	e	ai	1	active
EXT_0010	a	ai	ai	1	active
EXT_0011	a	o	au	1	active
EXT_0012	a	au	au	1	active
EXT_0013	a	k	a#k	1	active
EXT_0014	a	kh	a#kh	1	active
EXT_0015	a	g	a#g	1	active
EXT_0016	a	gh	a#gh	1	active
EXT_0017	a	c	a#c	1	active
EXT_0018	a	ch	a#ch	1	active
EXT_0019	a	j	a#j	1	active
EXT_0020	a	jh	a#jh	1	active
EXT_0021	a	ṭ	a#ṭ	1	active
EXT_0022	a	ṭh	a#ṭh	1	active
EXT_0023	a	ḍ	a#ḍ	1	active
EXT_0024	a	ḍh	a#ḍh	1	active
EXT_0025	a	t	a#t	1	active
EXT_0026	a	th	a#th	1	active
EXT_0027	a	d	a#d	1	active
EXT_0028	a	dh	a#dh	1	active
EXT_0029	a	p	a#p	1	active
EXT_0030	a	ph	a#ph	1	active
EXT_0031	a	b	a#b	1	active
EXT_0032	a	bh	a#bh	1	active
EXT_0033	a	n	a#n	1	active
EXT_0034	a	m	a#m	1	active
EXT_0035	a	y	a#y	1	active
EXT_0036	a	r	a#r	1	active
EXT_0037	a	l	a#l	1	active
EXT_0038	a	v	a#v	1	active
EXT_0039	a	ś	a#ś	1	active
EXT_0040	a	ṣ	a#ṣ	1	active
EXT_0041	a	s	a#s	1	active
EXT_0042	a	h	a#h	1	active
EXT_0043	ā	a	ā	1	active
EXT_0044	ā	ā	ā	1	active
EXT_0045	ā	i	e	1	active
EXT_0046	ā	ī	e	1	active
EXT_0047	ā	u	o	1	active
EXT_0048	ā	ū	o	1	active
EXT_0049	ā	ṛ	ar	1	active
EXT_0050	ā	ṝ	ar	1	active
EXT_0051	ā	e	ai	1	active
EXT_0052	ā	ai	ai	1	active
EXT_0053	ā	o	au	1	active
EXT_0054	ā	au	au	1	active
EXT_0055	ā	k	ā#k	1	active
EXT_0056	ā	kh	ā#kh	1	active
EXT_0057	ā	g	ā#g	1	active
EXT_0058	ā	gh	ā#gh	1	active
EXT_0059	ā	c	ā#c	1	active
EXT_0060	ā	ch	ā#ch	1	active
EXT_0061	ā	j	ā#j	1	active
EXT_0062	ā	jh	ā#jh	1	active
EXT_0063	ā	ṭ	ā#ṭ	1	active
EXT_0064	ā	ṭh	ā#ṭh	1	active
EXT_0065	ā	ḍ	ā#ḍ	1	active
EXT_0066	ā	ḍh	ā#ḍh	1	active
EXT_0067	ā	t	ā#t	1	active
EXT_0068	ā	th	ā#th	1	active
EXT_0069	ā	d	ā#d	1	active
EXT_0070	ā	dh	ā#dh	1	active
EXT_0071	ā	p	ā#p	1	active
EXT_0072	ā	ph	ā#ph	1	active
EXT_0073	ā	b	ā#b	1	active
EXT_0074	ā	bh	ā#bh	1	active
EXT_0075	ā	n	ā#n	1	active
EXT_0076	ā	m	ā#m	1	active
EXT_0077	ā	y	ā#y	1	active
EXT_0078	ā	r	ā#r	1	active
EXT_0079	ā	l	ā#l	1	active
EXT_0080	ā	v	ā#v	1	active
EXT_0081	ā	ś	ā#ś	1	active
EXT_0082	ā	ṣ	ā#ṣ	1	active
EXT_0083	ā	s	ā#s	1	active
EXT_0084	ā	h	ā#h	1	active
EXT_0085	i	a	ya	1	active
EXT_0086	i	ā	yā	1	active
EXT_0087	i	i	ī	1	active
EXT_0088	i	ī	ī	1	active
EXT_0089	i	u	yu	1	active
EXT_0090	i	ū	yū	1	active
EXT_0091	i	ṛ	yṛ	1	active
EXT_0092	i	ṝ	yṝ	1	active
EXT_0093	i	e	ye	1	active
EXT_0094	i	ai	yai	1	active
EXT_0095	i	o	yo	1	active
EXT_0096	i	au	yau	1	active
EXT_0097	i	k	i#k	1	active
EXT_0098	i	kh	i#kh	1	active
EXT_0099	i	g	i#g	1	active
EXT_0100	i	gh	i#gh	1	active
EXT_0101	i	c	i#c	1	active
EXT_0102	i	ch	i#ch	1	active
EXT_0103	i	j	i#j	1	active
EXT_0104	i	jh	i#jh	1	active
EXT_0105	i	ṭ	i#ṭ	1	active
EXT_0106	i	ṭh	i#ṭh	1	active
EXT_0107	i	ḍ	i#ḍ	1	active
EXT_0108	i	ḍh	i#ḍh	1	active
EXT_0109	i	t	i#t	1	active
EXT_0110	i	th	i#th	1	active
EXT_0111	i	d	i#d	1	active
EXT_0112	i	dh	i#dh	1	active
EXT_0113	i	p	i#p	1	active
EXT_0114	i	ph	i#ph	1	active
EXT_0115	i	b	i#b	1	active
EXT_0116	i	bh	i#bh	1	active
EXT_0117	i	n	i#n	1	active
EXT_0118	i	m	i#m	1	active
EXT_0119	i	y	i#y	1	active
EXT_0120	i	r	i#r	1	active
EXT_0121	i	l	i#l	1	active
EXT_0122	i	v	i#v	1	active
EXT_0123	i	ś	i#ś	1	active
EXT_0124	i	ṣ	i#ṣ	1	active
EXT_0125	i	s	i#s	1	active
EXT_0126	i	h	i#h	1	active
EXT_0127	ī	a	ya	1	active
EXT_0128	ī	ā	yā	1	active
EXT_0129	ī	i	ī	1	active
EXT_0130	ī	ī	ī	1	active
EXT_0131	ī	u	yu	1	active
EXT_0132	ī	ū	yū	1	active
EXT_0133	ī	ṛ	yṛ	1	active
EXT_0134	ī	ṝ	yṝ	1	active
EXT_0135	ī	e	ye	1	active
EXT_0136	ī	ai	yai	1	active
EXT_0137	ī	o	yo	1	active
EXT_0138	ī	au	yau	1	active
EXT_0139	ī	k	ī#k	1	active
EXT_0140	ī	kh	ī#kh	1	active
EXT_0141	ī	g	ī#g	1	active
EXT_0142	ī	gh	ī#gh	1	active
EXT_0143	ī	c	ī#c	1	active
EXT_0144	ī	ch	ī#ch	1	active
EXT_0145	ī	j	ī#j	1	active
EXT_0146	ī	jh	ī#jh	1	active
EXT_0147	ī	ṭ	ī#ṭ	1	active
EXT_0148	ī	ṭh	ī#ṭh	1	active
EXT_0149	ī	ḍ	ī#ḍ	1	active
EXT_0150	ī	ḍh	ī#ḍh	1	active
EXT_0151	ī	t	ī#t	1	active
EXT_0152	ī	th	ī#th	1	active
EXT_0153	ī	d	ī#d	1	active
EXT_0154	ī	dh	ī#dh	1	active
EXT_0155	ī	p	ī#p	1	active
EXT_0156	ī	ph	ī#ph	1	active
EXT_0157	ī	b	ī#b	1	active
EXT_0158	ī	bh	ī#bh	1	active
EXT_0159	ī	n	ī#n	1	active
EXT_0160	ī	m	ī#m	1	active
EXT_0161	ī	y	ī#y	1	active
EXT_0162	ī	r	ī#r	1	active
EXT_0163	ī	l	ī#l	1	active
EXT_0164	ī	v	ī#v	1	active
EXT_0165	ī	ś	ī#ś	1	active
EXT_0166	ī	ṣ	ī#ṣ	1	active
EXT_0167	ī	s	ī#s	1	active
EXT_0168	ī	h	ī#h	1	active
EXT_0169	u	a	va	1	active
EXT_0170	u	ā	vā	1	active
EXT_0171	u	i	vi	1	active
EXT_0172	u	ī	vī	1	active
EXT_0173	u	u	ū	1	active
EXT_0174	u	ū	ū	1	active
EXT_0175	u	ṛ	vṛ	1	active
EXT_0176	u	ṝ	vṝ	1	active
EXT_0177	u	e	ve	1	active
EXT_0178	u	ai	vai	1	active
EXT_0179	u	o	vo	1	active
EXT_0180	u	au	vau	1	active
EXT_0181	u	k	u#k	1	active
EXT_0182	u	kh	u#kh	1	active
EXT_0183	u	g	u#g	1	active
EXT_0184	u	gh	u#gh	1	active
EXT_0185	u	c	u#c	1	active
EXT_0186	u	ch	u#ch	1	active
EXT_0187	u	j	u#j	1	active
EXT_0188	u	jh	u#jh	1	active
EXT_0189	u	ṭ	u#ṭ	1	active
EXT_0190	u	ṭh	u#ṭh	1	active
EXT_0191	u	ḍ	u#ḍ	1	active
EXT_0192	u	ḍh	u#ḍh	1	active
EXT_0193	u	t	u#t	1	active
EXT_0194	u	th	u#th	1	active
EXT_0195	u	d	u#d	1	active
EXT_0196	u	dh	u#dh	1	active
EXT_0197	u	p	u#p	1	active
EXT_0198	u	ph	u#ph	1	active
EXT_0199	u	b	u#b	1	active
EXT_0200	u	bh	u#bh	1	active
EXT_0201	u	n	u#n	1	active
EXT_0202	u	m	u#m	1	active
EXT_0203	u	y	u#y	1	active
EXT_0204	u	r	u#r	1	active
EXT_0205	u	l	u#l	1	active
EXT_0206	u	v	u#v	1	active
EXT_0207	u	ś	u#ś	1	active
EXT_0208	u	ṣ	u#ṣ	1	active
EXT_0209	u	s	u#s	1	active
EXT_0210	u	h	u#h	1	active
EXT_0211	ū	a	va	1	active
EXT_0212	ū	ā	vā	1	active
EXT_0213	ū	i	vi	1	active
EXT_0214	ū	ī	vī	1	active
EXT_0215	ū	u	ū	1	active
EXT_0216	ū	ū	ū	1	active
EXT_0217	ū	ṛ	vṛ	1	active
EXT_0218	ū	ṝ	vṝ	1	active
EXT_0219	ū	e	ve	1	active
EXT_0220	ū	ai	vai	1	active
EXT_0221	ū	o	vo	1	active
EXT_0222	ū	au	vau	1	active
EXT_0223	ū	k	ū#k	1	active
EXT_0224	ū	kh	ū#kh	1	active
EXT_0225	ū	g	ū#g	1	active
EXT_0226	ū	gh	ū#gh	1	active
EXT_0227	ū	c	ū#c	1	active
EXT_0228	ū	ch	ū#ch	1	active
EXT_0229	ū	j	ū#j	1	active
EXT_0230	ū	jh	ū#jh	1	active
EXT_0231	ū	ṭ	ū#ṭ	1	active
EXT_0232	ū	ṭh	ū#ṭh	1	active
EXT_0233	ū	ḍ	ū#ḍ	1	active
EXT_0234	ū	ḍh	ū#ḍh	1	active
EXT_0235	ū	t	ū#t	1	active
EXT_0236	ū	th	ū#th	1	active
EXT_0237	ū	d	ū#d	1	active
EXT_0238	ū	dh	ū#dh	1	active
EXT_0239	ū	p	ū#p	1	active
EXT_0240	ū	ph	ū#ph	1	active
EXT_0241	ū	b	ū#b	1	active
EXT_0242	ū	bh	ū#bh	1	active
EXT_0243	ū	n	ū#n	1	active
EXT_0244	ū	m	ū#m	1	active
EXT_0245	ū	y	ū#y	1	active
EXT_0246	ū	r	ū#r	1	active
EXT_0247	ū	l	ū#l	1	active
EXT_0248	ū	v	ū#v	1	active
EXT_0249	ū	ś	ū#ś	1	active
EXT_0250	ū	ṣ	ū#ṣ	1	active
EXT_0251	ū	s	ū#s	1	active
EXT_0252	ū	h	ū#h	1	active
EXT_0253	ṛ	a	ra	1	active
EXT_0254	ṛ	ā	rā	1	active
EXT_0255	ṛ	i	ri	1	active
EXT_0256	ṛ	ī	rī	1	active
EXT_0257	ṛ	u	ru	1	active
EXT_0258	ṛ	ū	rū	1	active
EXT_0259	ṛ	ṛ	ṝ	1	active
EXT_0260	ṛ	ṝ	ṝ	1	active
EXT_0261	ṛ	e	re	1	active
EXT_0262	ṛ	ai	rai	1	active
EXT_0263	ṛ	o	ro	1	active
EXT_0264	ṛ	au	rau	1	active
EXT_0265	ṛ	k	ṛ#k	1	active
EXT_0266	ṛ	kh	ṛ#kh	1	active
EXT_0267	ṛ	g	ṛ#g	1	active
EXT_0268	ṛ	gh	ṛ#gh	1	active
EXT_0269	ṛ	c	ṛ#c	1	active
EXT_0270	ṛ	ch	ṛ#ch	1	active
EXT_0271	ṛ	j	ṛ#j	1	active
EXT_0272	ṛ	jh	ṛ#jh	1	active
EXT_0273	ṛ	ṭ	ṛ#ṭ	1	active
EXT_0274	ṛ	ṭh	ṛ#ṭh	1	active
EXT_0275	ṛ	ḍ	ṛ#ḍ	1	active
EXT_0276	ṛ	ḍh	ṛ#ḍh	1	active
EXT_0277	ṛ	t	ṛ#t	1	active
EXT_0278	ṛ	th	ṛ#th	1	active
EXT_0279	ṛ	d	ṛ#d	1	active
EXT_0280	ṛ	dh	ṛ#dh	1	active
EXT_0281	ṛ	p	ṛ#p	1	active
EXT_0282	ṛ	ph	ṛ#ph	1	active
EXT_0283	ṛ	b	ṛ#b	1	active
EXT_0284	ṛ	bh	ṛ#bh	1	active
EXT_0285	ṛ	n	ṛ#n	1	active
EXT_0286	ṛ	m	ṛ#m	1	active
EXT_0287	ṛ	y	ṛ#y	1	active
EXT_0288	ṛ	r	ṛ#r	1	active
EXT_0289	ṛ	l	ṛ#l	1	active
EXT_0290	ṛ	v	ṛ#v	1	active
EXT_0291	ṛ	ś	ṛ#ś	1	active
EXT_0292	ṛ	ṣ	ṛ#ṣ	1	active
EXT_0293	ṛ	s	ṛ#s	1	active
EXT_0294	ṛ	h	ṛ#h	1	active
EXT_0295	ṝ	a	ra	1	active
EXT_0296	ṝ	ā	rā	1	active
EXT_0297	ṝ	i	ri	1	active
EXT_0298	ṝ	ī	rī	1	active
EXT_0299	ṝ	u	ru	1	active
EXT_0300	ṝ	ū	rū	1	active
EXT_0301	ṝ	ṛ	ṝ	1	active
EXT_0302	ṝ	ṝ	ṝ	1	active
EXT_0303	ṝ	e	re	1	active
EXT_0304	ṝ	ai	rai	1	active
EXT_0305	ṝ	o	ro	1	active
EXT_0306	ṝ	au	rau	1	active
EXT_0307	ṝ	k	ṝ#k	1	active
EXT_0308	ṝ	kh	ṝ#kh	1	active
EXT_0309	ṝ	g	ṝ#g	1	active
EXT_0310	ṝ	gh	ṝ#gh	1	active
EXT_0311	ṝ	c	ṝ#c	1	active
EXT_0312	ṝ	ch	ṝ#ch	1	active
EXT_0313	ṝ	j	ṝ#j	1	active
EXT_0314	ṝ	jh	ṝ#jh	1	active
EXT_0315	ṝ	ṭ	ṝ#ṭ	1	active
EXT_0316	ṝ	ṭh	ṝ#ṭh	1	active
EXT_0317	ṝ	ḍ	ṝ#ḍ	1	active
EXT_0318	ṝ	ḍh	ṝ#ḍh	1	active
EXT_0319	ṝ	t	ṝ#t	1	active
EXT_0320	ṝ	th	ṝ#th	1	active
EXT_0321	ṝ	d	ṝ#d	1	active
EXT_0322	ṝ	dh	ṝ#dh	1	active
EXT_0323	ṝ	p	ṝ#p	1	active
EXT_0324	ṝ	ph	ṝ#ph	1	active
EXT_0325	ṝ	b	ṝ#b	1	active
EXT_0326	ṝ	bh	ṝ#bh	1	active
EXT_0327	ṝ	n	ṝ#n	1	active
EXT_0328	ṝ	m	ṝ#m	1	active
EXT_0329	ṝ	y	ṝ#y	1	active
EXT_0330	ṝ	r	ṝ#r	1	active
EXT_0331	ṝ	l	ṝ#l	1	active
EXT_0332	ṝ	v	ṝ#v	1	active
EXT_0333	ṝ	ś	ṝ#ś	1	active
EXT_0334	ṝ	ṣ	ṝ#ṣ	1	active
EXT_0335	ṝ	s	ṝ#s	1	active
EXT_0336	ṝ	h	ṝ#h	1	active
EXT_0337	e	a	e'	1	active
EXT_0338	e	ā	a#ā	1	active
EXT_0339	e	i	a#i	1	active
EXT_0340	e	ī	a#ī	1	active
EXT_0341	e	u	a#u	1	active
EXT_0342	e	ū	a#ū	1	active
EXT_0343	e	ṛ	a#ṛ	1	active
EXT_0344	e	ṝ	a#ṝ	1	active
EXT_0345	e	e	a#e	1	active
EXT_0346	e	ai	a#ai	1	active
EXT_0347	e	o	a#o	1	active
EXT_0348	e	au	a#au	1	active
EXT_0349	e	k	e#k	1	active
EXT_0350	e	kh	e#kh	1	active
EXT_0351	e	g	e#g	1	active
EXT_0352	e	gh	e#gh	1	active
EXT_0353	e	c	e#c	1	active
EXT_0354	e	ch	e#ch	1	active
EXT_0355	e	j	e#j	1	active
EXT_0356	e	jh	e#jh	1	active
EXT_0357	e	ṭ	e#ṭ	1	active
EXT_0358	e	ṭh	e#ṭh	1	active
EXT_0359	e	ḍ	e#ḍ	1	active
EXT_0360	e	ḍh	e#ḍh	1	active
EXT_0361	e	t	e#t	1	active
EXT_0362	e	th	e#th	1	active
EXT_0363	e	d	e#d	1	active
EXT_0364	e	dh	e#dh	1	active
EXT_0365	e	p	e#p	1	active
EXT_0366	e	ph	e#ph	1	active
EXT_0367	e	b	e#b	1	active
EXT_0368	e	bh	e#bh	1	active
EXT_0369	e	n	e#n	1	active
EXT_0370	e	m	e#m	1	active
EXT_0371	e	y	e#y	1	active
EXT_0372	e	r	e#r	1	active
EXT_0373	e	l	e#l	1	active
EXT_0374	e	v	e#v	1	active
EXT_0375	e	ś	e#ś	1	active
EXT_0376	e	ṣ	e#ṣ	1	active
EXT_0377	e	s	e#s	1	active
EXT_0378	e	h	e#h	1	active
EXT_0379	ai	a	ā#a	1	active
EXT_0380	ai	ā	ā#ā	1	active
EXT_0381	ai	i	ā#i	1	active
EXT_0382	ai	ī	ā#ī	1	active
EXT_0383	ai	u	ā#u	1	active
EXT_0384	ai	ū	ā#ū	1	active
EXT_0385	ai	ṛ	ā#ṛ	1	active
EXT_0386	ai	ṝ	ā#ṝ	1	active
EXT_0387	ai	e	ā#e	1	active
EXT_0388	ai	ai	ā#ai	1	active
EXT_0389	ai	o	ā#o	1	active
EXT_0390	ai	au	ā#au	1	active
EXT_0391	ai	k	ai#k	1	active
EXT_0392	ai	kh	ai#kh	1	active
EXT_0393	ai	g	ai#g	1	active
EXT_0394	ai	gh	ai#gh	1	active
EXT_0395	ai	c	ai#c	1	active
EXT_0396	ai	ch	ai#ch	1	active
EXT_0397	ai	j	ai#j	1	active
EXT_0398	ai	jh	ai#jh	1	active
EXT_0399	ai	ṭ	ai#ṭ	1	active
EXT_0400	ai	ṭh	ai#ṭh	1	active
EXT_0401	ai	ḍ	ai#ḍ	1	active
EXT_0402	ai	ḍh	ai#ḍh	1	active
EXT_0403	ai	t	ai#t	1	active
EXT_0404	ai	th	ai#th	1	active
EXT_0405	ai	d	ai#d	1	active
EXT_0406	ai	dh	ai#dh	1	active
EXT_0407	ai	p	ai#p	1	active
EXT_0408	ai	ph	ai#ph	1	active
EXT_0409	ai	b	ai#b	1	active
EXT_0410	ai	bh	ai#bh	1	active
EXT_0411	ai	n	ai#n	1	active
EXT_0412	ai	m	ai#m	1	active
EXT_0413	ai	y	ai#y	1	active
EXT_0414	ai	r	ai#r	1	active
EXT_0415	ai	l	ai#l	1	active
EXT_0416	ai	v	ai#v	1	active
EXT_0417	ai	ś	ai#ś	1	active
EXT_0418	ai	ṣ	ai#ṣ	1	active
EXT_0419	ai	s	ai#s	1	active
EXT_0420	ai	h	ai#h	1	active
EXT_0421	o	a	o'	1	active
EXT_0422	o	ā	a#ā	1	active
EXT_0423	o	i	a#i	1	active
EXT_0424	o	ī	a#ī	1	active
EXT_0425	o	u	a#u	1	active
EXT_0426	o	ū	a#ū	1	active
EXT_0427	o	ṛ	a#ṛ	1	active
EXT_0428	o	ṝ	a#ṝ	1	active
EXT_0429	o	e	a#e	1	active
EXT_0430	o	ai	a#ai	1	active
EXT_0431	o	o	a#o	1	active
EXT_0432	o	au	a#au	1	active
EXT_0433	o	k	o#k	1	active
EXT_0434	o	kh	o#kh	1	active
EXT_0435	o	g	o#g	1	active
EXT_0436	o	gh	o#gh	1	active
EXT_0437	o	c	o#c	1	active
EXT_0438	o	ch	o#ch	1	active
EXT_0439	o	j	o#j	1	active
EXT_0440	o	jh	o#jh	1	active
EXT_0441	o	ṭ	o#ṭ	1	active
EXT_0442	o	ṭh	o#ṭh	1	active
EXT_0443	o	ḍ	o#ḍ	1	active
EXT_0444	o	ḍh	o#ḍh	1	active
EXT_0445	o	t	o#t	1	active
EXT_0446	o	th	o#th	1	active
EXT_0447	o	d	o#d	1	active
EXT_0448	o	dh	o#dh	1	active
EXT_0449	o	p	o#p	1	active
EXT_0450	o	ph	o#ph	1	active
EXT_0451	o	b	o#b	1	active
EXT_0452	o	bh	o#bh	1	active
EXT_0453	o	n	o#n	1	active
EXT_0454	o	m	o#m	1	active
EXT_0455	o	y	o#y	1	active
EXT_0456	o	r	o#r	1	active
EXT_0457	o	l	o#l	1	active
EXT_0458	o	v	o#v	1	active
EXT_0459	o	ś	o#ś	1	active
EXT_0460	o	ṣ	o#ṣ	1	active
EXT_0461	o	s	o#s	1	active
EXT_0462	o	h	o#h	1	active
EXT_0463	au	a	āv#a	1	active
EXT_0464	au	ā	āv#ā	1	active
EXT_0465	au	i	āv#i	1	active
EXT_0466	au	ī	āv#ī	1	active
EXT_0467	au	u	āv#u	1	active
EXT_0468	au	ū	āv#ū	1	active
EXT_0469	au	ṛ	āv#ṛ	1	active
EXT_0470	au	ṝ	āv#ṝ	1	active
EXT_0471	au	e	āv#e	1	active
EXT_0472	au	ai	āv#ai	1	active
EXT_0473	au	o	āv#o	1	active
EXT_0474	au	au	āv#au	1	active
EXT_0475	au	k	au#k	1	active
EXT_0476	au	kh	au#kh	1	active
EXT_0477	au	g	au#g	1	active
EXT_0478	au	gh	au#gh	1	active
EXT_0479	au	c	au#c	1	active
EXT_0480	au	ch	au#ch	1	active
EXT_0481	au	j	au#j	1	active
EXT_0482	au	jh	au#jh	1	active
EXT_0483	au	ṭ	au#ṭ	1	active
EXT_0484	au	ṭh	au#ṭh	1	active
EXT_0485	au	ḍ	au#ḍ	1	active
EXT_0486	au	ḍh	au#ḍh	1	active
EXT_0487	au	t	au#t	1	active
EXT_0488	au	th	au#th	1	active
EXT_0489	au	d	au#d	1	active
EXT_0490	au	dh	au#dh	1	active
EXT_0491	au	p	au#p	1	active
EXT_0492	au	ph	au#ph	1	active
EXT_0493	au	b	au#b	1	active
EXT_0494	au	bh	au#bh	1	active
EXT_0495	au	n	au#n	1	active
EXT_0496	au	m	au#m	1	active
EXT_0497	au	y	au#y	1	active
EXT_0498	au	r	au#r	1	active
EXT_0499	au	l	au#l	1	active
EXT_0500	au	v	au#v	1	active
EXT_0501	au	ś	au#ś	1	active
EXT_0502	au	ṣ	au#ṣ	1	active
EXT_0503	au	s	au#s	1	active
EXT_0504	au	h	au#h	1	active
EXT_0505	k	a	g#a	1	active
EXT_0506	k	ā	g#ā	1	active
EXT_0507	k	i	g#i	1	active
EXT_0508	k	ī	g#ī	1	active
EXT_0509	k	u	g#u	1	active
EXT_0510	k	ū	g#ū	1	active
EXT_0511	k	ṛ	g#ṛ	1	active
EXT_0512	k	ṝ	g#ṝ	1	active
EXT_0513	k	e	g#e	1	active
EXT_0514	k	ai	g#ai	1	active
EXT_0515	k	o	g#o	1	active
EXT_0516	k	au	g#au	1	active
EXT_0517	k	k	k#k	1	active
EXT_0518	k	kh	k#kh	1	active
EXT_0519	k	g	g#g	1	active
EXT_0520	k	gh	g#gh	1	active
EXT_0521	k	c	k#c	1	active
EXT_0522	k	ch	k#ch	1	active
EXT_0523	k	j	g#j	1	active
EXT_0524	k	jh	g#jh	1	active
EXT_0525	k	ṭ	k#ṭ	1	active
EXT_0526	k	ṭh	k#ṭh	1	active
EXT_0527	k	ḍ	g#ḍ	1	active
EXT_0528	k	ḍh	g#ḍh	1	active
EXT_0529	k	t	k#t	1	active
EXT_0530	k	th	k#th	1	active
EXT_0531	k	d	g#d	1	active
EXT_0532	k	dh	g#dh	1	active
EXT_0533	k	p	k#p	1	active
EXT_0534	k	ph	k#ph	1	active
EXT_0535	k	b	g#b	1	active
EXT_0536	k	bh	g#bh	1	active
EXT_0537	k	n	ṅ#n	1	active
EXT_0538	k	m	ṅ#m	1	active
EXT_0539	k	y	g#y	1	active
EXT_0540	k	r	g#r	1	active
EXT_0541	k	l	g#l	1	active
EXT_0542	k	v	g#v	1	active
EXT_0543	k	ś	k#ś	1	active
EXT_0544	k	ś	k#ch	2	active
EXT_0545	k	ṣ	k#ṣ	1	active
EXT_0546	k	s	k#s	1	active
EXT_0547	k	h	g#gh	1	active
EXT_0548	ṭ	a	ḍ#a	1	active
EXT_0549	ṭ	ā	ḍ#ā	1	active
EXT_0550	ṭ	i	ḍ#i	1	active
EXT_0551	ṭ	ī	ḍ#ī	1	active
EXT_0552	ṭ	u	ḍ#u	1	active
EXT_0553	ṭ	ū	ḍ#ū	1	active
EXT_0554	ṭ	ṛ	ḍ#ṛ	1	active
EXT_0555	ṭ	ṝ	ḍ#ṝ	1	active
EXT_0556	ṭ	e	ḍ#e	1	active
EXT_0557	ṭ	ai	ḍ#ai	1	active
EXT_0558	ṭ	o	ḍ#o	1	active
EXT_0559	ṭ	au	ḍ#au	1	active
EXT_0560	ṭ	k	ṭ#k	1	active
EXT_0561	ṭ	kh	ṭ#kh	1	active
EXT_0562	ṭ	g	ḍ#g	1	active
EXT_0563	ṭ	gh	ḍ#gh	1	active
EXT_0564	ṭ	c	ṭ#c	1	active
EXT_0565	ṭ	ch	ṭ#ch	1	active
EXT_0566	ṭ	j	ḍ#j	1	active
EXT_0567	ṭ	jh	ḍ#jh	1	active
EXT_0568	ṭ	ṭ	ṭ#ṭ	1	active
EXT_0569	ṭ	ṭh	ṭ#ṭh	1	active
EXT_0570	ṭ	ḍ	ḍ#ḍ	1	active
EXT_0571	ṭ	ḍh	ḍ#ḍh	1	active
EXT_0572	ṭ	t	ṭ#t	1	active
EXT_0573	ṭ	th	ṭ#th	1	active
EXT_0574	ṭ	d	ḍ#d	1	active
EXT_0575	ṭ	dh	ḍ#dh	1	active
EXT_0576	ṭ	p	ṭ#p	1	active
EXT_0577	ṭ	ph	ṭ#ph	1	active
EXT_0578	ṭ	b	ḍ#b	1	active
EXT_0579	ṭ	bh	ḍ#bh	1	active
EXT_0580	ṭ	n	ṇ#n	1	active
EXT_0581	ṭ	m	ṇ#m	1	active
EXT_0582	ṭ	y	ḍ#y	1	active
EXT_0583	ṭ	r	ḍ#r	1	active
EXT_0584	ṭ	l	ḍ#l	1	active
EXT_0585	ṭ	v	ḍ#v	1	active
EXT_0586	ṭ	ś	ṭ#ś	1	active
EXT_0587	ṭ	ś	ṭ#ch	2	active
EXT_0588	ṭ	ṣ	ṭ#ṣ	1	active
EXT_0589	ṭ	s	ṭ#s	1	active
EXT_0590	ṭ	h	ḍ#ḍh	1	active
EXT_0591	t	a	d#a	1	active
EXT_0592	t	ā	d#ā	1	active
EXT_0593	t	i	d#i	1	active
EXT_0594	t	ī	d#ī	1	active
EXT_0595	t	u	d#u	1	active
EXT_0596	t	ū	d#ū	1	active
EXT_0597	t	ṛ	d#ṛ	1	active
EXT_0598	t	ṝ	d#ṝ	1	active
EXT_0599	t	e	d#e	1	active
EXT_0600	t	ai	d#ai	1	active
EXT_0601	t	o	d#o	1	active
EXT_0602	t	au	d#au	1	active
EXT_0603	t	k	t#k	1	active
EXT_0604	t	kh	t#kh	1	active
EXT_0605	t	g	d#g	1	active
EXT_0606	t	gh	d#gh	1	active
EXT_0607	t	c	c#c	1	active
EXT_0608	t	ch	c#ch	1	active
EXT_0609	t	j	j#j	1	active
EXT_0610	t	jh	j#jh	1	active
EXT_0611	t	ṭ	ṭ#ṭ	1	active
EXT_0612	t	ṭh	ṭ#ṭh	1	active
EXT_0613	t	ḍ	ḍ#ḍ	1	active
EXT_0614	t	ḍh	ḍ#ḍh	1	active
EXT_0615	t	t	t#t	1	active
EXT_0616	t	th	t#th	1	active
EXT_0617	t	d	d#d	1	active
EXT_0618	t	dh	d#dh	1	active
EXT_0619	t	p	t#p	1	active
EXT_0620	t	ph	t#ph	1	active
EXT_0621	t	b	d#b	1	active
EXT_0622	t	bh	d#bh	1	active
EXT_0623	t	n	n#n	1	active
EXT_0624	t	m	n#m	1	active
EXT_0625	t	y	d#y	1	active
EXT_0626	t	r	d#r	1	active
EXT_0627	t	l	d#l	1	active
EXT_0628	t	v	d#v	1	active
EXT_0629	t	ś	c#ś	1	active
EXT_0630	t	ś	c#ch	2	active
EXT_0631	t	ṣ	t#ṣ	1	active
EXT_0632	t	s	t#s	1	active
EXT_0633	t	h	d#dh	1	active
EXT_0634	p	a	b#a	1	active
EXT_0635	p	ā	b#ā	1	active
EXT_0636	p	i	b#i	1	active
EXT_0637	p	ī	b#ī	1	active
EXT_0638	p	u	b#u	1	active
EXT_0639	p	ū	b#ū	1	active
EXT_0640	p	ṛ	b#ṛ	1	active
EXT_0641	p	ṝ	b#ṝ	1	active
EXT_0642	p	e	b#e	1	active
EXT_0643	p	ai	b#ai	1	active
EXT_0644	p	o	b#o	1	active
EXT_0645	p	au	b#au	1	active
EXT_0646	p	k	p#k	1	active
EXT_0647	p	kh	p#kh	1	active
EXT_0648	p	g	b#g	1	active
EXT_0649	p	gh	b#gh	1	active
EXT_0650	p	c	p#c	1	active
EXT_0651	p	ch	p#ch	1	active
EXT_0652	p	j	b#j	1	active
EXT_0653	p	jh	b#jh	1	active
EXT_0654	p	ṭ	p#ṭ	1	active
EXT_0655	p	ṭh	p#ṭh	1	active
EXT_0656	p	ḍ	b#ḍ	1	active
EXT_0657	p	ḍh	b#ḍh	1	active
EXT_0658	p	t	p#t	1	active
EXT_0659	p	th	p#th	1	active
EXT_0660	p	d	b#d	1	active
EXT_0661	p	dh	b#dh	1	active
EXT_0662	p	p	p#p	1	active
EXT_0663	p	ph	p#ph	1	active
EXT_0664	p	b	b#b	1	active
EXT_0665	p	bh	b#bh	1	active
EXT_0666	p	n	m#n	1	active
EXT_0667	p	m	m#m	1	active
EXT_0668	p	y	b#y	1	active
EXT_0669	p	r	b#r	1	active
EXT_0670	p	l	b#l	1	active
EXT_0671	p	v	b#v	1	active
EXT_0672	p	ś	p#ś	1	active
EXT_0673	p	ś	p#ch	2	active
EXT_0674	p	ṣ	p#ṣ	1	active
EXT_0675	p	s	p#s	1	active
EXT_0676	p	h	b#bh	1	active
EXT_0677	ṅ	a	ṅ#a	1	active
EXT_0678	ṅ	ā	ṅ#ā	1	active
EXT_0679	ṅ	i	ṅ#i	1	active
EXT_0680	ṅ	ī	ṅ#ī	1	active
EXT_0681	ṅ	u	ṅ#u	1	active
EXT_0682	ṅ	ū	ṅ#ū	1	active
EXT_0683	ṅ	ṛ	ṅ#ṛ	1	active
EXT_0684	ṅ	ṝ	ṅ#ṝ	1	active
EXT_0685	ṅ	e	ṅ#e	1	active
EXT_0686	ṅ	ai	ṅ#ai	1	active
EXT_0687	ṅ	o	ṅ#o	1	active
EXT_0688	ṅ	au	ṅ#au	1	active
EXT_0689	ṅ	k	ṅ#k	1	active
EXT_0690	ṅ	kh	ṅ#kh	1	active
EXT_0691	ṅ	g	ṅ#g	1	active
EXT_0692	ṅ	gh	ṅ#gh	1	active
EXT_0693	ṅ	c	ṅ#c	1	active
EXT_0694	ṅ	ch	ṅ#ch	1	active
EXT_0695	ṅ	j	ṅ#j	1	active
EXT_0696	ṅ	jh	ṅ#jh	1	active
EXT_0697	ṅ	ṭ	ṅ#ṭ	1	active
EXT_0698	ṅ	ṭh	ṅ#ṭh	1	active
EXT_0699	ṅ	ḍ	ṅ#ḍ	1	active
EXT_0700	ṅ	ḍh	ṅ#ḍh	1	active
EXT_0701	ṅ	t	ṅ#t	1	active
EXT_0702	ṅ	th	ṅ#th	1	active
EXT_0703	ṅ	d	ṅ#d	1	active
EXT_0704	ṅ	dh	ṅ#dh	1	active
EXT_0705	ṅ	p	ṅ#p	1	active
EXT_0706	ṅ	ph	ṅ#ph	1	active
EXT_0707	ṅ	b	ṅ#b	1	active
EXT_0708	ṅ	bh	ṅ#bh	1	active
EXT_0709	ṅ	n	ṅ#n	1	active
EXT_0710	ṅ	m	ṅ#m	1	active
EXT_0711	ṅ	y	ṅ#y	1	active
EXT_0712	ṅ	r	ṅ#r	1	active
EXT_0713	ṅ	l	ṅ#l	1	active
EXT_0714	ṅ	v	ṅ#v	1	active
EXT_0715	ṅ	ś	ṅ#ś	1	active
EXT_0716	ṅ	ṣ	ṅ#ṣ	1	active
EXT_0717	ṅ	s	ṅ#s	1	active
EXT_0718	ṅ	h	ṅ#h	1	active
EXT_0719	n	a	n#a	1	active
EXT_0720	n	ā	n#ā	1	active
EXT_0721	n	i	n#i	1	active
EXT_0722	n	ī	n#ī	1	active
EXT_0723	n	u	n#u	1	active
EXT_0724	n	ū	n#ū	1	active
EXT_0725	n	ṛ	n#ṛ	1	active
EXT_0726	n	ṝ	n#ṝ	1	active
EXT_0727	n	e	n#e	1	active
EXT_0728	n	ai	n#ai	1	active
EXT_0729	n	o	n#o	1	active
EXT_0730	n	au	n#au	1	active
EXT_0731	n	k	n#k	1	active
EXT_0732	n	kh	n#kh	1	active
EXT_0733	n	g	n#g	1	active
EXT_0734	n	gh	n#gh	1	active
EXT_0735	n	c	ṃś#c	1	active
EXT_0736	n	ch	ṃś#ch	1	active
EXT_0737	n	j	ñ#j	1	active
EXT_0738	n	jh	ñ#jh	1	active
EXT_0739	n	ṭ	ṃṣ#ṭ	1	active
EXT_0740	n	ṭh	ṃṣ#ṭh	1	active
EXT_0741	n	ḍ	ṇ#ḍ	1	active
EXT_0742	n	ḍh	ṇ#ḍh	1	active
EXT_0743	n	t	ṃs#t	1	active
EXT_0744	n	th	ṃs#th	1	active
EXT_0745	n	d	n#d	1	active
EXT_0746	n	dh	n#dh	1	active
EXT_0747	n	p	n#p	1	active
EXT_0748	n	ph	n#ph	1	active
EXT_0749	n	b	n#b	1	active
EXT_0750	n	bh	n#bh	1	active
EXT_0751	n	n	n#n	1	active
EXT_0752	n	m	n#m	1	active
EXT_0753	n	y	n#y	1	active
EXT_0754	n	r	n#r	1	active
EXT_0755	n	l	m̐#l	1	active
EXT_0756	n	l	ṃ#l	2	active
EXT_0757	n	v	n#v	1	active
EXT_0758	n	ś	ñ#ś	1	active
EXT_0759	n	ś	ñ#ch	2	active
EXT_0760	n	ṣ	n#ṣ	1	active
EXT_0761	n	s	n#s	1	active
EXT_0762	n	h	n#h	1	active
EXT_0763	m	a	m#a	1	active
EXT_0764	m	ā	m#ā	1	active
EXT_0765	m	i	m#i	1	active
EXT_0766	m	ī	m#ī	1	active
EXT_0767	m	u	m#u	1	active
EXT_0768	m	ū	m#ū	1	active
EXT_0769	m	ṛ	m#ṛ	1	active
EXT_0770	m	ṝ	m#ṝ	1	active
EXT_0771	m	e	m#e	1	active
EXT_0772	m	ai	m#ai	1	active
EXT_0773	m	o	m#o	1	active
EXT_0774	m	au	m#au	1	active
EXT_0775	m	k	ṃ#k	1	active
EXT_0776	m	kh	ṃ#kh	1	active
EXT_0777	m	g	ṃ#g	1	active
EXT_0778	m	gh	ṃ#gh	1	active
EXT_0779	m	c	ṃ#c	1	active
EXT_0780	m	ch	ṃ#ch	1	active
EXT_0781	m	j	ṃ#j	1	active
EXT_0782	m	jh	ṃ#jh	1	active
EXT_0783	m	ṭ	ṃ#ṭ	1	active
EXT_0784	m	ṭh	ṃ#ṭh	1	active
EXT_0785	m	ḍ	ṃ#ḍ	1	active
EXT_0786	m	ḍh	ṃ#ḍh	1	active
EXT_0787	m	t	ṃ#t	1	active
EXT_0788	m	th	ṃ#th	1	active
EXT_0789	m	d	ṃ#d	1	active
EXT_0790	m	dh	ṃ#dh	1	active
EXT_0791	m	p	ṃ#p	1	active
EXT_0792	m	ph	ṃ#ph	1	active
EXT_0793	m	b	ṃ#b	1	active
EXT_0794	m	bh	ṃ#bh	1	active
EXT_0795	m	n	ṃ#n	1	active
EXT_0796	m	m	ṃ#m	1	active
EXT_0797	m	y	ṃ#y	1	active
EXT_0798	m	r	ṃ#r	1	active
EXT_0799	m	l	ṃ#l	1	active
EXT_0800	m	v	ṃ#v	1	active
EXT_0801	m	ś	ṃ#ś	1	active
EXT_0802	m	ṣ	ṃ#ṣ	1	active
EXT_0803	m	s	ṃ#s	1	active
EXT_0804	m	h	ṃ#h	1	active
EXT_0805	aḥ	a	o'	1	active
EXT_0806	aḥ	ā	a#ā	1	active
EXT_0807	aḥ	i	a#i	1	active
EXT_0808	aḥ	ī	a#ī	1	active
EXT_0809	aḥ	u	a#u	1	active
EXT_0810	aḥ	ū	a#ū	1	active
EXT_0811	aḥ	ṛ	a#ṛ	1	active
EXT_0812	aḥ	ṝ	a#ṝ	1	active
EXT_0813	aḥ	e	a#e	1	active
EXT_0814	aḥ	ai	a#ai	1	active
EXT_0815	aḥ	o	a#o	1	active
EXT_0816	aḥ	au	a#au	1	active
EXT_0817	aḥ	k	aḥ#k	1	active
EXT_0818	aḥ	kh	aḥ#kh	1	active
EXT_0819	aḥ	g	o#g	1	active
EXT_0820	aḥ	gh	o#gh	1	active
EXT_0821	aḥ	c	aś#c	1	active
EXT_0822	aḥ	ch	aś#ch	1	active
EXT_0823	aḥ	j	o#j	1	active
EXT_0824	aḥ	jh	o#jh	1	active
EXT_0825	aḥ	ṭ	aṣ#ṭ	1	active
EXT_0826	aḥ	ṭh	aṣ#ṭh	1	active
EXT_0827	aḥ	ḍ	o#ḍ	1	active
EXT_0828	aḥ	ḍh	o#ḍh	1	active
EXT_0829	aḥ	t	as#t	1	active
EXT_0830	aḥ	th	as#th	1	active
EXT_0831	aḥ	d	o#d	1	active
EXT_0832	aḥ	dh	o#dh	1	active
EXT_0833	aḥ	p	aḥ#p	1	active
EXT_0834	aḥ	ph	aḥ#ph	1	active
EXT_0835	aḥ	b	o#b	1	active
EXT_0836	aḥ	bh	o#bh	1	active
EXT_0837	aḥ	n	o#n	1	active
EXT_0838	aḥ	m	o#m	1	active
EXT_0839	aḥ	y	o#y	1	active
EXT_0840	aḥ	r	o#r	1	active
EXT_0841	aḥ	l	o#l	1	active
EXT_0842	aḥ	v	o#v	1	active
EXT_0843	aḥ	ś	aḥ#ś	1	active
EXT_0844	aḥ	ṣ	aḥ#ṣ	1	active
EXT_0845	aḥ	s	aḥ#s	1	active
EXT_0846	aḥ	h	o#h	1	active
EXT_0847	āḥ	a	ā#a	1	active
EXT_0848	āḥ	ā	ā#ā	1	active
EXT_0849	āḥ	i	ā#i	1	active
EXT_0850	āḥ	ī	ā#ī	1	active
EXT_0851	āḥ	u	ā#u	1	active
EXT_0852	āḥ	ū	ā#ū	1	active
EXT_0853	āḥ	ṛ	ā#ṛ	1	active
EXT_0854	āḥ	ṝ	ā#ṝ	1	active
EXT_0855	āḥ	e	ā#e	1	active
EXT_0856	āḥ	ai	ā#ai	1	active
EXT_0857	āḥ	o	ā#o	1	active
EXT_0858	āḥ	au	ā#au	1	active
EXT_0859	āḥ	k	āḥ#k	1	active
EXT_0860	āḥ	kh	āḥ#kh	1	active
EXT_0861	āḥ	g	ā#g	1	active
EXT_0862	āḥ	gh	ā#gh	1	active
EXT_0863	āḥ	c	āś#c	1	active
EXT_0864	āḥ	ch	āś#ch	1	active
EXT_0865	āḥ	j	ā#j	1	active
EXT_0866	āḥ	jh	ā#jh	1	active
EXT_0867	āḥ	ṭ	āṣ#ṭ	1	active
EXT_0868	āḥ	ṭh	āṣ#ṭh	1	active
EXT_0869	āḥ	ḍ	ā#ḍ	1	active
EXT_0870	āḥ	ḍh	ā#ḍh	1	active
EXT_0871	āḥ	t	ās#t	1	active
EXT_0872	āḥ	th	ās#th	1	active
EXT_0873	āḥ	d	ā#d	1	active
EXT_0874	āḥ	dh	ā#dh	1	active
EXT_0875	āḥ	p	āḥ#p	1	active
EXT_0876	āḥ	ph	āḥ#ph	1	active
EXT_0877	āḥ	b	ā#b	1	active
EXT_0878	āḥ	bh	ā#bh	1	active
EXT_0879	āḥ	n	ā#n	1	active
EXT_0880	āḥ	m	ā#m	1	active
EXT_0881	āḥ	y	ā#y	1	active
EXT_0882	āḥ	r	ā#r	1	active
EXT_0883	āḥ	l	ā#l	1	active
EXT_0884	āḥ	v	ā#v	1	active
EXT_0885	āḥ	ś	āḥ#ś	1	active
EXT_0886	āḥ	ṣ	āḥ#ṣ	1	active
EXT_0887	āḥ	s	āḥ#s	1	active
EXT_0888	āḥ	h	ā#h	1	active
EXT_0889	iḥ	a	ir#a	1	active
EXT_0890	iḥ	ā	ir#ā	1	active
EXT_0891	iḥ	i	ir#i	1	active
EXT_0892	iḥ	ī	ir#ī	1	active
EXT_0893	iḥ	u	ir#u	1	active
EXT_0894	iḥ	ū	ir#ū	1	active
EXT_0895	iḥ	ṛ	ir#ṛ	1	active
EXT_0896	iḥ	ṝ	ir#ṝ	1	active
EXT_0897	iḥ	e	ir#e	1	active
EXT_0898	iḥ	ai	ir#ai	1	active
EXT_0899	iḥ	o	ir#o	1	active
EXT_0900	iḥ	au	ir#au	1	active
EXT_0901	iḥ	k	iḥ#k	1	active
EXT_0902	iḥ	kh	iḥ#kh	1	active
EXT_0903	iḥ	g	ir#g	1	active
EXT_0904	iḥ	gh	ir#gh	1	active
EXT_0905	iḥ	c	iś#c	1	active
EXT_0906	iḥ	ch	iś#ch	1	active
EXT_0907	iḥ	j	ir#j	1	active
EXT_0908	iḥ	jh	ir#jh	1	active
EXT_0909	iḥ	ṭ	iṣ#ṭ	1	active
EXT_0910	iḥ	ṭh	iṣ#ṭh	1	active
EXT_0911	iḥ	ḍ	ir#ḍ	1	active
EXT_0912	iḥ	ḍh	ir#ḍh	1	active
EXT_0913	iḥ	t	is#t	1	active
EXT_0914	iḥ	th	is#th	1	active
EXT_0915	iḥ	d	ir#d	1	active
EXT_0916	iḥ	dh	ir#dh	1	active
EXT_0917	iḥ	p	iḥ#p	1	active
EXT_0918	iḥ	ph	iḥ#ph	1	active
EXT_0919	iḥ	b	ir#b	1	active
EXT_0920	iḥ	bh	ir#bh	1	active
EXT_0921	iḥ	n	ir#n	1	active
EXT_0922	iḥ	m	ir#m	1	active
EXT_0923	iḥ	y	ir#y	1	active
EXT_0924	iḥ	r	ī#r	1	active
EXT_0925	iḥ	l	ir#l	1	active
EXT_0926	iḥ	v	ir#v	1	active
EXT_0927	iḥ	ś	iḥ#ś	1	active
EXT_0928	iḥ	ṣ	iḥ#ṣ	1	active
EXT_0929	iḥ	s	iḥ#s	1	active
EXT_0930	iḥ	h	ir#h	1	active
EXT_0931	īḥ	a	īr#a	1	active
EXT_0932	īḥ	ā	īr#ā	1	active
EXT_0933	īḥ	i	īr#i	1	active
EXT_0934	īḥ	ī	īr#ī	1	active
EXT_0935	īḥ	u	īr#u	1	active
EXT_0936	īḥ	ū	īr#ū	1	active
EXT_0937	īḥ	ṛ	īr#ṛ	1	active
EXT_0938	īḥ	ṝ	īr#ṝ	1	active
EXT_0939	īḥ	e	īr#e	1	active
EXT_0940	īḥ	ai	īr#ai	1	active
EXT_0941	īḥ	o	īr#o	1	active
EXT_0942	īḥ	au	īr#au	1	active
EXT_0943	īḥ	k	īḥ#k	1	active
EXT_0944	īḥ	kh	īḥ#kh	1	active
EXT_0945	īḥ	g	īr#g	1	active
EXT_0946	īḥ	gh	īr#gh	1	active
EXT_0947	īḥ	c	īś#c	1	active
EXT_0948	īḥ	ch	īś#ch	1	active
EXT_0949	īḥ	j	īr#j	1	active
EXT_0950	īḥ	jh	īr#jh	1	active
EXT_0951	īḥ	ṭ	īṣ#ṭ	1	active
EXT_0952	īḥ	ṭh	īṣ#ṭh	1	active
EXT_0953	īḥ	ḍ	īr#ḍ	1	active
EXT_0954	īḥ	ḍh	īr#ḍh	1	active
EXT_0955	īḥ	t	īs#t	1	active
EXT_0956	īḥ	th	īs#th	1	active
EXT_0957	īḥ	d	īr#d	1	active
EXT_0958	īḥ	dh	īr#dh	1	active
EXT_0959	īḥ	p	īḥ#p	1	active
EXT_0960	īḥ	ph	īḥ#ph	1	active
EXT_0961	īḥ	b	īr#b	1	active
EXT_0962	īḥ	bh	īr#bh	1	active
EXT_0963	īḥ	n	īr#n	1	active
EXT_0964	īḥ	m	īr#m	1	active
EXT_0965	īḥ	y	īr#y	1	active
EXT_0966	īḥ	r	ī#r	1	active
EXT_0967	īḥ	l	īr#l	1	active
EXT_0968	īḥ	v	īr#v	1	active
EXT_0969	īḥ	ś	īḥ#ś	1	active
EXT_0970	īḥ	ṣ	īḥ#ṣ	1	active
EXT_0971	īḥ	s	īḥ#s	1	active
EXT_0972	īḥ	h	īr#h	1	active
EXT_0973	uḥ	a	ur#a	1	active
EXT_0974	uḥ	ā	ur#ā	1	active
EXT_0975	uḥ	i	ur#i	1	active
EXT_0976	uḥ	ī	ur#ī	1	active
EXT_0977	uḥ	u	ur#u	1	active
EXT_0978	uḥ	ū	ur#ū	1	active
EXT_0979	uḥ	ṛ	ur#ṛ	1	active
EXT_0980	uḥ	ṝ	ur#ṝ	1	active
EXT_0981	uḥ	e	ur#e	1	active
EXT_0982	uḥ	ai	ur#ai	1	active
EXT_0983	uḥ	o	ur#o	1	active
EXT_0984	uḥ	au	ur#au	1	active
EXT_0985	uḥ	k	uḥ#k	1	active
EXT_0986	uḥ	kh	uḥ#kh	1	active
EXT_0987	uḥ	g	ur#g	1	active
EXT_0988	uḥ	gh	ur#gh	1	active
EXT_0989	uḥ	c	uś#c	1	active
EXT_0990	uḥ	ch	uś#ch	1	active
EXT_0991	uḥ	j	ur#j	1	active
EXT_0992	uḥ	jh	ur#jh	1	active
EXT_0993	uḥ	ṭ	uṣ#ṭ	1	active
EXT_0994	uḥ	ṭh	uṣ#ṭh	1	active
EXT_0995	uḥ	ḍ	ur#ḍ	1	active
EXT_0996	uḥ	ḍh	ur#ḍh	1	active
EXT_0997	uḥ	t	us#t	1	active
EXT_0998	uḥ	th	us#th	1	active
EXT_0999	uḥ	d	ur#d	1	active
EXT_1000	uḥ	dh	ur#dh	1	active
EXT_1001	uḥ	p	uḥ#p	1	active
EXT_1002	uḥ	ph	uḥ#ph	1	active
EXT_1003	uḥ	b	ur#b	1	active
EXT_1004	uḥ	bh	ur#bh	1	active
EXT_1005	uḥ	n	ur#n	1	active
EXT_1006	uḥ	m	ur#m	1	active
EXT_1007	uḥ	y	ur#y	1	active
EXT_1008	uḥ	r	ū#r	1	active
EXT_1009	uḥ	l	ur#l	1	active
EXT_1010	uḥ	v	ur#v	1	active
EXT_1011	uḥ	ś	uḥ#ś	1	active
EXT_1012	uḥ	ṣ	uḥ#ṣ	1	active
EXT_1013	uḥ	s	uḥ#s	1	active
EXT_1014	uḥ	h	ur#h	1	active
EXT_1015	ūḥ	a	ūr#a	1	active
EXT_1016	ūḥ	ā	ūr#ā	1	active
EXT_1017	ūḥ	i	ūr#i	1	active
EXT_1018	ūḥ	ī	ūr#ī	1	active
EXT_1019	ūḥ	u	ūr#u	1	active
EXT_1020	ūḥ	ū	ūr#ū	1	active
EXT_1021	ūḥ	ṛ	ūr#ṛ	1	active
EXT_1022	ūḥ	ṝ	ūr#ṝ	1	active
EXT_1023	ūḥ	e	ūr#e	1	active
EXT_1024	ūḥ	ai	ūr#ai	1	active
EXT_1025	ūḥ	o	ūr#o	1	active
EXT_1026	ūḥ	au	ūr#au	1	active
EXT_1027	ūḥ	k	ūḥ#k	1	active
EXT_1028	ūḥ	kh	ūḥ#kh	1	active
EXT_1029	ūḥ	g	ūr#g	1	active
EXT_1030	ūḥ	gh	ūr#gh	1	active
EXT_1031	ūḥ	c	ūś#c	1	active
EXT_1032	ūḥ	ch	ūś#ch	1	active
EXT_1033	ūḥ	j	ūr#j	1	active
EXT_1034	ūḥ	jh	ūr#jh	1	active
EXT_1035	ūḥ	ṭ	ūṣ#ṭ	1	active
EXT_1036	ūḥ	ṭh	ūṣ#ṭh	1	active
EXT_1037	ūḥ	ḍ	ūr#ḍ	1	active
EXT_1038	ūḥ	ḍh	ūr#ḍh	1	active
EXT_1039	ūḥ	t	ūs#t	1	active
EXT_1040	ūḥ	th	ūs#th	1	active
EXT_1041	ūḥ	d	ūr#d	1	active
EXT_1042	ūḥ	dh	ūr#dh	1	active
EXT_1043	ūḥ	p	ūḥ#p	1	active
EXT_1044	ūḥ	ph	ūḥ#ph	1	active
EXT_1045	ūḥ	b	ūr#b	1	active
EXT_1046	ūḥ	bh	ūr#bh	1	active
EXT_1047	ūḥ	n	ūr#n	1	active
EXT_1048	ūḥ	m	ūr#m	1	active
EXT_1049	ūḥ	y	ūr#y	1	active
EXT_1050	ūḥ	r	ū#r	1	active
EXT_1051	ūḥ	l	ūr#l	1	active
EXT_1052	ūḥ	v	ūr#v	1	active
EXT_1053	ūḥ	ś	ūḥ#ś	1	active
EXT_1054	ūḥ	ṣ	ūḥ#ṣ	1	active
EXT_1055	ūḥ	s	ūḥ#s	1	active
EXT_1056	ūḥ	h	ūr#h	1	active
EXT_1057	ṛḥ	a	ṛr#a	1	active
EXT_1058	ṛḥ	ā	ṛr#ā	1	active
EXT_1059	ṛḥ	i	ṛr#i	1	active
EXT_1060	ṛḥ	ī	ṛr#ī	1	active
EXT_1061	ṛḥ	u	ṛr#u	1	active
EXT_1062	ṛḥ	ū	ṛr#ū	1	active
EXT_1063	ṛḥ	ṛ	ṛr#ṛ	1	active
EXT_1064	ṛḥ	ṝ	ṛr#ṝ	1	active
EXT_1065	ṛḥ	e	ṛr#e	1	active
EXT_1066	ṛḥ	ai	ṛr#ai	1	active
EXT_1067	ṛḥ	o	ṛr#o	1	active
EXT_1068	ṛḥ	au	ṛr#au	1	active
EXT_1069	ṛḥ	k	ṛḥ#k	1	active
EXT_1070	ṛḥ	kh	ṛḥ#kh	1	active
EXT_1071	ṛḥ	g	ṛr#g	1	active
EXT_1072	ṛḥ	gh	ṛr#gh	1	active
EXT_1073	ṛḥ	c	ṛś#c	1	active
EXT_1074	ṛḥ	ch	ṛś#ch	1	active
EXT_1075	ṛḥ	j	ṛr#j	1	active
EXT_1076	ṛḥ	jh	ṛr#jh	1	active
EXT_1077	ṛḥ	ṭ	ṛṣ#ṭ	1	active
EXT_1078	ṛḥ	ṭh	ṛṣ#ṭh	1	active
EXT_1079	ṛḥ	ḍ	ṛr#ḍ	1	active
EXT_1080	ṛḥ	ḍh	ṛr#ḍh	1	active
EXT_1081	ṛḥ	t	ṛs#t	1	active
EXT_1082	ṛḥ	th	ṛs#th	1	active
EXT_1083	ṛḥ	d	ṛr#d	1	active
EXT_1084	ṛḥ	dh	ṛr#dh	1	active
EXT_1085	ṛḥ	p	ṛḥ#p	1	active
EXT_1086	ṛḥ	ph	ṛḥ#ph	1	active
EXT_1087	ṛḥ	b	ṛr#b	1	active
EXT_1088	ṛḥ	bh	ṛr#bh	1	active
EXT_1089	ṛḥ	n	ṛr#n	1	active
EXT_1090	ṛḥ	m	ṛr#m	1	active
EXT_1091	ṛḥ	y	ṛr#y	1	active
EXT_1092	ṛḥ	r	ṛ#r	1	active
EXT_1093	ṛḥ	l	ṛr#l	1	active
EXT_1094	ṛḥ	v	ṛr#v	1	active
EXT_1095	ṛḥ	ś	ṛḥ#ś	1	active
EXT_1096	ṛḥ	ṣ	ṛḥ#ṣ	1	active
EXT_1097	ṛḥ	s	ṛḥ#s	1	active
EXT_1098	ṛḥ	h	ṛr#h	1	active
EXT_1099	an	a	ann#a	1	active
EXT_1100	in	a	inn#a	1	active
EXT_1101	un	a	unn#a	1	active
EXT_1102	ṛn	a	ṛnn#a	1	active
EXT_1103	ḷn	a	ḷnn#a	1	active
EXT_1104	an	ā	ann#ā	1	active
EXT_1105	in	ā	inn#ā	1	active
EXT_1106	un	ā	unn#ā	1	active
EXT_1107	ṛn	ā	ṛnn#ā	1	active
EXT_1108	ḷn	ā	ḷnn#ā	1	active
EXT_1109	an	i	ann#i	1	active
EXT_1110	in	i	inn#i	1	active
EXT_1111	un	i	unn#i	1	active
EXT_1112	ṛn	i	ṛnn#i	1	active
EXT_1113	ḷn	i	ḷnn#i	1	active
EXT_1114	an	ī	ann#ī	1	active
EXT_1115	in	ī	inn#ī	1	active
EXT_1116	un	ī	unn#ī	1	active
EXT_1117	ṛn	ī	ṛnn#ī	1	active
EXT_1118	ḷn	ī	ḷnn#ī	1	active
EXT_1119	an	u	ann#u	1	active
EXT_1120	in	u	inn#u	1	active
EXT_1121	un	u	unn#u	1	active
EXT_1122	ṛn	u	ṛnn#u	1	active
EXT_1123	ḷn	u	ḷnn#u	1	active
EXT_1124	an	ū	ann#ū	1	active
EXT_1125	in	ū	inn#ū	1	active
EXT_1126	un	ū	unn#ū	1	active
EXT_1127	ṛn	ū	ṛnn#ū	1	active
EXT_1128	ḷn	ū	ḷnn#ū	1	active
EXT_1129	an	ṛ	ann#ṛ	1	active
EXT_1130	in	ṛ	inn#ṛ	1	active
EXT_1131	un	ṛ	unn#ṛ	1	active
EXT_1132	ṛn	ṛ	ṛnn#ṛ	1	active
EXT_1133	ḷn	ṛ	ḷnn#ṛ	1	active
EXT_1134	an	ṝ	ann#ṝ	1	active
EXT_1135	in	ṝ	inn#ṝ	1	active
EXT_1136	un	ṝ	unn#ṝ	1	active
EXT_1137	ṛn	ṝ	ṛnn#ṝ	1	active
EXT_1138	ḷn	ṝ	ḷnn#ṝ	1	active
EXT_1139	an	e	ann#e	1	active
EXT_1140	in	e	inn#e	1	active
EXT_1141	un	e	unn#e	1	active
EXT_1142	ṛn	e	ṛnn#e	1	active
EXT_1143	ḷn	e	ḷnn#e	1	active
EXT_1144	an	ai	ann#ai	1	active
EXT_1145	in	ai	inn#ai	1	active
EXT_1146	un	ai	unn#ai	1	active
EXT_1147	ṛn	ai	ṛnn#ai	1	active
EXT_1148	ḷn	ai	ḷnn#ai	1	active
EXT_1149	an	o	ann#o	1	active
EXT_1150	in	o	inn#o	1	active
EXT_1151	un	o	unn#o	1	active
EXT_1152	ṛn	o	ṛnn#o	1	active
EXT_1153	ḷn	o	ḷnn#o	1	active
EXT_1154	an	au	ann#au	1	active
EXT_1155	in	au	inn#au	1	active
EXT_1156	un	au	unn#au	1	active
EXT_1157	ṛn	au	ṛnn#au	1	active
EXT_1158	ḷn	au	ḷnn#au	1	active
EXT_1159	aṅ	a	aṅṅ#a	1	active
EXT_1160	iṅ	a	iṅṅ#a	1	active
EXT_1161	uṅ	a	uṅṅ#a	1	active
EXT_1162	ṛṅ	a	ṛṅṅ#a	1	active
EXT_1163	ḷṅ	a	ḷṅṅ#a	1	active
EXT_1164	aṅ	ā	aṅṅ#ā	1	active
EXT_1165	iṅ	ā	iṅṅ#ā	1	active
EXT_1166	uṅ	ā	uṅṅ#ā	1	active
EXT_1167	ṛṅ	ā	ṛṅṅ#ā	1	active
EXT_1168	ḷṅ	ā	ḷṅṅ#ā	1	active
EXT_1169	aṅ	i	aṅṅ#i	1	active
EXT_1170	iṅ	i	iṅṅ#i	1	active
EXT_1171	uṅ	i	uṅṅ#i	1	active
EXT_1172	ṛṅ	i	ṛṅṅ#i	1	active
EXT_1173	ḷṅ	i	ḷṅṅ#i	1	active
EXT_1174	aṅ	ī	aṅṅ#ī	1	active
EXT_1175	iṅ	ī	iṅṅ#ī	1	active
EXT_1176	uṅ	ī	uṅṅ#ī	1	active
EXT_1177	ṛṅ	ī	ṛṅṅ#ī	1	active
EXT_1178	ḷṅ	ī	ḷṅṅ#ī	1	active
EXT_1179	aṅ	u	aṅṅ#u	1	active
EXT_1180	iṅ	u	iṅṅ#u	1	active
EXT_1181	uṅ	u	uṅṅ#u	1	active
EXT_1182	ṛṅ	u	ṛṅṅ#u	1	active
EXT_1183	ḷṅ	u	ḷṅṅ#u	1	active
EXT_1184	aṅ	ū	aṅṅ#ū	1	active
EXT_1185	iṅ	ū	iṅṅ#ū	1	active
EXT_1186	uṅ	ū	uṅṅ#ū	1	active
EXT_1187	ṛṅ	ū	ṛṅṅ#ū	1	active
EXT_1188	ḷṅ	ū	ḷṅṅ#ū	1	active
EXT_1189	aṅ	ṛ	aṅṅ#ṛ	1	active
EXT_1190	iṅ	ṛ	iṅṅ#ṛ	1	active
EXT_1191	uṅ	ṛ	uṅṅ#ṛ	1	active
EXT_1192	ṛṅ	ṛ	ṛṅṅ#ṛ	1	active
EXT_1193	ḷṅ	ṛ	ḷṅṅ#ṛ	1	active
EXT_1194	aṅ	ṝ	aṅṅ#ṝ	1	active
EXT_1195	iṅ	ṝ	iṅṅ#ṝ	1	active
EXT_1196	uṅ	ṝ	uṅṅ#ṝ	1	active
EXT_1197	ṛṅ	ṝ	ṛṅṅ#ṝ	1	active
EXT_1198	ḷṅ	ṝ	ḷṅṅ#ṝ	1	active
EXT_1199	aṅ	e	aṅṅ#e	1	active
EXT_1200	iṅ	e	iṅṅ#e	1	active
EXT_1201	uṅ	e	uṅṅ#e	1	active
EXT_1202	ṛṅ	e	ṛṅṅ#e	1	active
EXT_1203	ḷṅ	e	ḷṅṅ#e	1	active
EXT_1204	aṅ	ai	aṅṅ#ai	1	active
EXT_1205	iṅ	ai	iṅṅ#ai	1	active
EXT_1206	uṅ	ai	uṅṅ#ai	1	active
EXT_1207	ṛṅ	ai	ṛṅṅ#ai	1	active
EXT_1208	ḷṅ	ai	ḷṅṅ#ai	1	active
EXT_1209	aṅ	o	aṅṅ#o	1	active
EXT_1210	iṅ	o	iṅṅ#o	1	active
EXT_1211	uṅ	o	uṅṅ#o	1	active
EXT_1212	ṛṅ	o	ṛṅṅ#o	1	active
EXT_1213	ḷṅ	o	ḷṅṅ#o	1	active
EXT_1214	aṅ	au	aṅṅ#au	1	active
EXT_1215	iṅ	au	iṅṅ#au	1	active
EXT_1216	uṅ	au	uṅṅ#au	1	active
EXT_1217	ṛṅ	au	ṛṅṅ#au	1	active
EXT_1218	ḷṅ	au	ḷṅṅ#au	1	active
